[
{
  "model": "users.user",
  "pk": 1,
  "fields": {
    "password": "pbkdf2_sha256$600000$IEVEC8ubw3wrcMwWVkC7Jz$rdLnMnRNnhExxOUEuclr7rDBLYpg+BdtIwmgyAlptQc=",
    "last_login": "2025-05-27T18:32:14.887Z",
    "is_superuser": false,
    "username": "ssafy123",
    "is_staff": false,
    "is_active": true,
    "date_joined": "2025-05-27T13:23:05.750Z",
    "phone_number": "01000000000",
    "email": "ssafy.123@gmail.com",
    "first_name": "싸피",
    "last_name": "김",
    "groups": [],
    "user_permissions": []
  }
},
{
  "model": "users.user",
  "pk": 2,
  "fields": {
    "password": "pbkdf2_sha256$600000$vzEfxp8xjPsqWit87DfeFT$nWSOvjNeLUg/KF7zqDJd/6lZEktWbJ/EHXcZxzzpl/A=",
    "last_login": "2025-05-27T17:21:16.445Z",
    "is_superuser": false,
    "username": "ssafy1",
    "is_staff": false,
    "is_active": true,
    "date_joined": "2025-05-27T17:21:06.849Z",
    "phone_number": "01055554444",
    "email": "ssafy1@email.com",
    "first_name": "하늘",
    "last_name": "김",
    "groups": [],
    "user_permissions": []
  }
},
{
  "model": "users.account",
  "pk": 1,
  "fields": {
    "user_id": 1,
    "bank_name": "하나은행",
    "account_number": "111-01-0001",
    "account_type": "예금",
    "current_balance": "10000000.00",
    "is_main": false,
    "alias_name": "예금계좌1",
    "created_at": "2025-05-26T00:00:00Z"
  }
},
{
  "model": "users.account",
  "pk": 2,
  "fields": {
    "user_id": 1,
    "bank_name": "국민은행",
    "account_number": "111-01-0002",
    "account_type": "예금",
    "current_balance": "11000000.00",
    "is_main": false,
    "alias_name": "예금계좌2",
    "created_at": "2025-05-26T00:00:00Z"
  }
},
{
  "model": "users.account",
  "pk": 3,
  "fields": {
    "user_id": 1,
    "bank_name": "신한은행",
    "account_number": "111-01-0003",
    "account_type": "예금",
    "current_balance": "12000000.00",
    "is_main": false,
    "alias_name": "예금계좌3",
    "created_at": "2025-05-26T00:00:00Z"
  }
},
{
  "model": "users.account",
  "pk": 4,
  "fields": {
    "user_id": 1,
    "bank_name": "우리은행",
    "account_number": "111-01-0004",
    "account_type": "예금",
    "current_balance": "13000000.00",
    "is_main": false,
    "alias_name": "예금계좌4",
    "created_at": "2025-05-26T00:00:00Z"
  }
},
{
  "model": "users.account",
  "pk": 5,
  "fields": {
    "user_id": 1,
    "bank_name": "카카오뱅크",
    "account_number": "111-01-0005",
    "account_type": "예금",
    "current_balance": "14000000.00",
    "is_main": false,
    "alias_name": "예금계좌5",
    "created_at": "2025-05-26T00:00:00Z"
  }
},
{
  "model": "users.account",
  "pk": 6,
  "fields": {
    "user_id": 1,
    "bank_name": "하나은행",
    "account_number": "222-01-0006",
    "account_type": "적금",
    "current_balance": "2000000.00",
    "is_main": false,
    "alias_name": "적금계좌1",
    "created_at": "2025-05-26T00:00:00Z"
  }
},
{
  "model": "users.account",
  "pk": 7,
  "fields": {
    "user_id": 1,
    "bank_name": "국민은행",
    "account_number": "222-01-0007",
    "account_type": "적금",
    "current_balance": "2500000.00",
    "is_main": false,
    "alias_name": "적금계좌2",
    "created_at": "2025-05-26T00:00:00Z"
  }
},
{
  "model": "users.account",
  "pk": 8,
  "fields": {
    "user_id": 1,
    "bank_name": "신한은행",
    "account_number": "222-01-0008",
    "account_type": "적금",
    "current_balance": "3000000.00",
    "is_main": false,
    "alias_name": "적금계좌3",
    "created_at": "2025-05-26T00:00:00Z"
  }
},
{
  "model": "users.account",
  "pk": 9,
  "fields": {
    "user_id": 1,
    "bank_name": "우리은행",
    "account_number": "222-01-0009",
    "account_type": "적금",
    "current_balance": "3500000.00",
    "is_main": false,
    "alias_name": "적금계좌4",
    "created_at": "2025-05-26T00:00:00Z"
  }
},
{
  "model": "users.account",
  "pk": 10,
  "fields": {
    "user_id": 1,
    "bank_name": "카카오뱅크",
    "account_number": "222-01-00010",
    "account_type": "적금",
    "current_balance": "4000000.00",
    "is_main": false,
    "alias_name": "적금계좌5",
    "created_at": "2025-05-26T00:00:00Z"
  }
},
{
  "model": "users.account",
  "pk": 11,
  "fields": {
    "user_id": 2,
    "bank_name": "우리은행",
    "account_number": "1965994485828",
    "account_type": "예금",
    "current_balance": "3500000.00",
    "is_main": false,
    "alias_name": null,
    "created_at": "2025-05-27T17:55:56.139Z"
  }
},
{
  "model": "users.account",
  "pk": 12,
  "fields": {
    "user_id": 2,
    "bank_name": "우리은행",
    "account_number": "71488934044135",
    "account_type": "예금",
    "current_balance": "10000000.00",
    "is_main": false,
    "alias_name": null,
    "created_at": "2025-05-27T17:58:04.112Z"
  }
},
{
  "model": "users.savingspayment",
  "pk": 1,
  "fields": {
    "savings_detail": 1,
    "round_number": 1,
    "paid_at": "2025-05-26",
    "amount": "200000.00"
  }
},
{
  "model": "users.savingspayment",
  "pk": 2,
  "fields": {
    "savings_detail": 1,
    "round_number": 2,
    "paid_at": "2025-06-25",
    "amount": "200000.00"
  }
},
{
  "model": "users.savingspayment",
  "pk": 3,
  "fields": {
    "savings_detail": 1,
    "round_number": 3,
    "paid_at": "2025-07-25",
    "amount": "200000.00"
  }
},
{
  "model": "users.savingspayment",
  "pk": 4,
  "fields": {
    "savings_detail": 1,
    "round_number": 4,
    "paid_at": "2025-08-24",
    "amount": "200000.00"
  }
},
{
  "model": "users.savingspayment",
  "pk": 5,
  "fields": {
    "savings_detail": 2,
    "round_number": 1,
    "paid_at": "2025-06-01",
    "amount": "200000.00"
  }
},
{
  "model": "users.savingspayment",
  "pk": 6,
  "fields": {
    "savings_detail": 2,
    "round_number": 2,
    "paid_at": "2025-06-30",
    "amount": "200000.00"
  }
},
{
  "model": "users.savingspayment",
  "pk": 7,
  "fields": {
    "savings_detail": 2,
    "round_number": 3,
    "paid_at": "2025-08-04",
    "amount": "200000.00"
  }
},
{
  "model": "users.savingspayment",
  "pk": 8,
  "fields": {
    "savings_detail": 2,
    "round_number": 4,
    "paid_at": "2025-09-02",
    "amount": "200000.00"
  }
},
{
  "model": "users.savingspayment",
  "pk": 9,
  "fields": {
    "savings_detail": 3,
    "round_number": 1,
    "paid_at": "2025-06-02",
    "amount": "200000.00"
  }
},
{
  "model": "users.savingspayment",
  "pk": 10,
  "fields": {
    "savings_detail": 3,
    "round_number": 2,
    "paid_at": "2025-07-05",
    "amount": "200000.00"
  }
},
{
  "model": "users.savingspayment",
  "pk": 11,
  "fields": {
    "savings_detail": 3,
    "round_number": 3,
    "paid_at": "2025-08-02",
    "amount": "200000.00"
  }
},
{
  "model": "users.savingspayment",
  "pk": 12,
  "fields": {
    "savings_detail": 3,
    "round_number": 4,
    "paid_at": "2025-09-01",
    "amount": "200000.00"
  }
},
{
  "model": "users.savingspayment",
  "pk": 13,
  "fields": {
    "savings_detail": 4,
    "round_number": 1,
    "paid_at": "2025-05-26",
    "amount": "200000.00"
  }
},
{
  "model": "users.savingspayment",
  "pk": 14,
  "fields": {
    "savings_detail": 4,
    "round_number": 2,
    "paid_at": "2025-06-25",
    "amount": "200000.00"
  }
},
{
  "model": "users.savingspayment",
  "pk": 15,
  "fields": {
    "savings_detail": 4,
    "round_number": 3,
    "paid_at": "2025-07-25",
    "amount": "200000.00"
  }
},
{
  "model": "users.savingspayment",
  "pk": 16,
  "fields": {
    "savings_detail": 4,
    "round_number": 4,
    "paid_at": "2025-08-24",
    "amount": "200000.00"
  }
},
{
  "model": "users.savingspayment",
  "pk": 17,
  "fields": {
    "savings_detail": 5,
    "round_number": 1,
    "paid_at": "2025-05-26",
    "amount": "200000.00"
  }
},
{
  "model": "users.savingspayment",
  "pk": 18,
  "fields": {
    "savings_detail": 5,
    "round_number": 2,
    "paid_at": "2025-06-25",
    "amount": "200000.00"
  }
},
{
  "model": "users.savingspayment",
  "pk": 19,
  "fields": {
    "savings_detail": 5,
    "round_number": 3,
    "paid_at": "2025-07-25",
    "amount": "200000.00"
  }
},
{
  "model": "users.savingspayment",
  "pk": 20,
  "fields": {
    "savings_detail": 5,
    "round_number": 4,
    "paid_at": "2025-08-24",
    "amount": "200000.00"
  }
},
{
  "model": "users.savingsdetail",
  "pk": 1,
  "fields": {
    "account": 6,
    "product_name": "하나은행 자유적금",
    "interest_rate": "3.20",
    "duration_months": 12,
    "started_at": "2025-04-26",
    "ends_at": "2026-04-21",
    "total_round": 12,
    "goal_amount": "2400000.00",
    "accumulated_delay_days": 0,
    "delay_status": "정상",
    "interest_total": "76800.00",
    "interest_accumulated": "38764.45",
    "interest_last_updated": "2025-05-27T18:21:27.759Z"
  }
},
{
  "model": "users.savingsdetail",
  "pk": 2,
  "fields": {
    "account": 7,
    "product_name": "국민은행 자유적금",
    "interest_rate": "3.50",
    "duration_months": 12,
    "started_at": "2025-04-26",
    "ends_at": "2026-04-21",
    "total_round": 12,
    "goal_amount": "2900000.00",
    "accumulated_delay_days": 26,
    "delay_status": "연체",
    "interest_total": "101500.00",
    "interest_accumulated": "51231.66",
    "interest_last_updated": "2025-05-27T18:21:27.794Z"
  }
},
{
  "model": "users.savingsdetail",
  "pk": 3,
  "fields": {
    "account": 8,
    "product_name": "신한은행 자유적금",
    "interest_rate": "3.80",
    "duration_months": 12,
    "started_at": "2025-04-26",
    "ends_at": "2026-04-21",
    "total_round": 12,
    "goal_amount": "3400000.00",
    "accumulated_delay_days": 29,
    "delay_status": "연체",
    "interest_total": "129200.00",
    "interest_accumulated": "65213.09",
    "interest_last_updated": "2025-05-27T18:21:27.816Z"
  }
},
{
  "model": "users.savingsdetail",
  "pk": 4,
  "fields": {
    "account": 9,
    "product_name": "우리은행 자유적금",
    "interest_rate": "4.10",
    "duration_months": 12,
    "started_at": "2025-04-26",
    "ends_at": "2026-04-21",
    "total_round": 12,
    "goal_amount": "3900000.00",
    "accumulated_delay_days": 0,
    "delay_status": "정상",
    "interest_total": "159900.00",
    "interest_accumulated": "80708.80",
    "interest_last_updated": "2025-05-27T18:21:27.837Z"
  }
},
{
  "model": "users.savingsdetail",
  "pk": 5,
  "fields": {
    "account": 10,
    "product_name": "카카오뱅크 자유적금",
    "interest_rate": "4.40",
    "duration_months": 12,
    "started_at": "2025-04-26",
    "ends_at": "2026-04-21",
    "total_round": 12,
    "goal_amount": "4400000.00",
    "accumulated_delay_days": 0,
    "delay_status": "정상",
    "interest_total": "193600.00",
    "interest_accumulated": "97718.71",
    "interest_last_updated": "2025-05-27T18:21:27.856Z"
  }
},
{
  "model": "users.depositdetail",
  "pk": 1,
  "fields": {
    "account": 1,
    "product_name": "하나은행 정기예금",
    "interest_rate": "3.00",
    "duration_months": 12,
    "started_at": "2025-04-26",
    "ends_at": "2026-04-21",
    "interest_total": "300000.00",
    "interest_accumulated": "151423.60",
    "interest_last_updated": "2025-05-27T18:21:27.717Z"
  }
},
{
  "model": "users.depositdetail",
  "pk": 2,
  "fields": {
    "account": 2,
    "product_name": "국민은행 정기예금",
    "interest_rate": "3.20",
    "duration_months": 12,
    "started_at": "2025-04-26",
    "ends_at": "2026-04-21",
    "interest_total": "352000.00",
    "interest_accumulated": "177670.37",
    "interest_last_updated": "2025-05-27T18:21:27.727Z"
  }
},
{
  "model": "users.depositdetail",
  "pk": 3,
  "fields": {
    "account": 3,
    "product_name": "신한은행 정기예금",
    "interest_rate": "3.40",
    "duration_months": 12,
    "started_at": "2025-04-26",
    "ends_at": "2026-04-21",
    "interest_total": "408000.00",
    "interest_accumulated": "205936.10",
    "interest_last_updated": "2025-05-27T18:21:27.736Z"
  }
},
{
  "model": "users.depositdetail",
  "pk": 4,
  "fields": {
    "account": 4,
    "product_name": "우리은행 정기예금",
    "interest_rate": "3.60",
    "duration_months": 12,
    "started_at": "2025-04-26",
    "ends_at": "2026-04-21",
    "interest_total": "468000.00",
    "interest_accumulated": "236220.85",
    "interest_last_updated": "2025-05-27T18:21:27.743Z"
  }
},
{
  "model": "users.depositdetail",
  "pk": 5,
  "fields": {
    "account": 5,
    "product_name": "카카오뱅크 정기예금",
    "interest_rate": "3.80",
    "duration_months": 12,
    "started_at": "2025-04-26",
    "ends_at": "2026-04-21",
    "interest_total": "532000.00",
    "interest_accumulated": "268524.52",
    "interest_last_updated": "2025-05-27T18:21:27.750Z"
  }
},
{
  "model": "users.depositdetail",
  "pk": 6,
  "fields": {
    "account": 11,
    "product_name": "WON플러스예금",
    "interest_rate": "2.60",
    "duration_months": 12,
    "started_at": "2025-05-28",
    "ends_at": "2026-05-28",
    "interest_total": "91000.00",
    "interest_accumulated": "0.00",
    "interest_last_updated": "2025-05-27T17:55:56.147Z"
  }
},
{
  "model": "users.depositdetail",
  "pk": 7,
  "fields": {
    "account": 12,
    "product_name": "WON플러스예금",
    "interest_rate": "2.60",
    "duration_months": 12,
    "started_at": "2025-05-28",
    "ends_at": "2026-05-28",
    "interest_total": "260000.00",
    "interest_accumulated": "0.00",
    "interest_last_updated": "2025-05-27T17:58:04.127Z"
  }
},
{
  "model": "fin_products.depositproduct",
  "pk": 2263,
  "fields": {
    "dcls_month": "202505",
    "fin_co_no": "0010001",
    "kor_co_nm": "우리은행",
    "fin_prdt_cd": "WR0001B",
    "fin_prdt_nm": "WON플러스예금",
    "join_way": "인터넷,스마트폰,전화(텔레뱅킹)",
    "mtrt_int": "만기 후\n- 1개월이내 : 만기시점약정이율×50%\n- 1개월초과 6개월이내: 만기시점약정이율×30%\n- 6개월초과 : 만기시점약정이율×20%\n\n※ 만기시점 약정이율 : 일반정기예금 금리",
    "spcl_cnd": "해당사항 없음",
    "join_member": "실명의 개인",
    "etc_note": "- 가입기간: 1~36개월\n- 최소가입금액: 1만원 이상\n- 만기일을 일,월 단위로 자유롭게 선택 가능\n- 만기해지 시 신규일 당시 영업점과 인터넷 홈페이지에 고시된 계약기간별 금리 적용",
    "max_limit": null,
    "dcls_strt_day": "20250520",
    "dcls_end_day": null,
    "fin_co_subm_day": "202505201054",
    "created_at": "2025-05-27T18:33:53.009Z"
  }
},
{
  "model": "fin_products.depositproduct",
  "pk": 2264,
  "fields": {
    "dcls_month": "202505",
    "fin_co_no": "0010002",
    "kor_co_nm": "한국스탠다드차타드은행",
    "fin_prdt_cd": "00320342",
    "fin_prdt_nm": "e-그린세이브예금",
    "join_way": "인터넷,스마트폰",
    "mtrt_int": "만기 후 1개월: 약정이율의 50%\n만기 후 1개월 초과 1년 이내: 약정이율의 30%\n만기 후 1년 초과: 약정이율의 10%",
    "spcl_cnd": "1.SC제일은행 최초 거래 신규고객에 대하여 우대 이율을 제공함 (보너스이율0.2%)                     2.SC제일마이백통장에서 출금하여 이 예금을 신규하는경우에 보너스이율을 제공함\n(가입기간:1년제/ 보너스이율:0.1% / 만기해약하는 경우에 한해 보너스이율을 적용함)",
    "join_member": "개인(개인사업자 포함)",
    "etc_note": "디지털채널 전용상품 (인터넷, 모바일뱅킹)",
    "max_limit": 1000000000,
    "dcls_strt_day": "20250520",
    "dcls_end_day": "99991231",
    "fin_co_subm_day": "202505201135",
    "created_at": "2025-05-27T18:33:53.068Z"
  }
},
{
  "model": "fin_products.depositproduct",
  "pk": 2265,
  "fields": {
    "dcls_month": "202505",
    "fin_co_no": "0010016",
    "kor_co_nm": "아이엠뱅크",
    "fin_prdt_cd": "10511008000996000",
    "fin_prdt_nm": "iM주거래우대예금(첫만남고객형)",
    "join_way": "영업점,인터넷,스마트폰",
    "mtrt_int": "만기 후 1개월 미만 경과 : 약정이자율 x 50%\n만기 후 3개월 미만 경과 : 약정이자율 x 25% \n만기 후 3개월 이상 경과 : 약정이자율 x 10%",
    "spcl_cnd": "* 최고우대금리 : 연0.65%p              \n - 목돈굴리기예금 최초 가입시 : 연0.20%p\n - 상품 가입 전 최근 1개월 이내 신용(체크)카드 신규 발급 : 연0.20%p\n - 상품 가입 전 최근 1개월 이내 인터넷.폰.모바일앱뱅킹 가입 : 연0.20%p\n * 해당 상품을 인터넷/모바일뱅킹을 통해 가입 : 연0.05%p",
    "join_member": "실명의 개인",
    "etc_note": "계좌당 가입 최저한도 : 100만원",
    "max_limit": null,
    "dcls_strt_day": "20250520",
    "dcls_end_day": null,
    "fin_co_subm_day": "202505200931",
    "created_at": "2025-05-27T18:33:53.100Z"
  }
},
{
  "model": "fin_products.depositproduct",
  "pk": 2266,
  "fields": {
    "dcls_month": "202505",
    "fin_co_no": "0010016",
    "kor_co_nm": "아이엠뱅크",
    "fin_prdt_cd": "10511008001004000",
    "fin_prdt_nm": "iM행복파트너예금(일반형)",
    "join_way": "영업점,인터넷,스마트폰",
    "mtrt_int": "만기 후 1개월 미만 경과 : 약정이자율 x 50%\n만기 후 3개월 미만 경과 : 약정이자율 x 25% \n만기 후 3개월 이상 경과 : 약정이자율 x 10%",
    "spcl_cnd": "* 최고우대금리 : 연0.45%p\n- 지난달 당행 통장으로 연금 입금 실적 보유 : 연0.10%p\n- 상품 가입 전 당행 신용(체크)카드 보유 : 연0.10%p\n- 지난 3개월 예금 평잔 30만원 이상 : 연0.10%p\n- iM행복파트너적금 동시 가입 및 만기 보유 : 연0.10%p\n* 해당 상품을 인터넷/모바일뱅킹을 통해 가입 : 연0.05%p",
    "join_member": "만50세 이상 실명의 개인",
    "etc_note": "계좌당 가입 최저한도 : 100만원",
    "max_limit": null,
    "dcls_strt_day": "20250520",
    "dcls_end_day": null,
    "fin_co_subm_day": "202505200931",
    "created_at": "2025-05-27T18:33:53.130Z"
  }
},
{
  "model": "fin_products.depositproduct",
  "pk": 2267,
  "fields": {
    "dcls_month": "202505",
    "fin_co_no": "0010016",
    "kor_co_nm": "아이엠뱅크",
    "fin_prdt_cd": "10511008001166004",
    "fin_prdt_nm": "iM함께예금",
    "join_way": "영업점,인터넷,스마트폰",
    "mtrt_int": "만기 후 1개월 미만 경과 : 약정이자율 x 50%\n만기 후 3개월 미만 경과 : 약정이자율 x 25% \n만기 후 3개월 이상 경과 : 약정이자율 x 10%",
    "spcl_cnd": "* 최고우대금리:연0.45%p\n- 전월 총 수신 평잔실적 또는 상품 가입전 첫만남플러스 통장 보유시 \n-당행 주택청약상품보유 \n-신규일 \"iM함께적금\" 동시 가입 및 만기 보유 \n-당행 오픈뱅킹서비스에 다른 은행 계좌 등록시 \n각  연0.10%p                       \n*해당 상품을 인터넷/모바일뱅킹을 통해 가입 시 : 연0.05%p",
    "join_member": "실명의 개인 및 개인사업자",
    "etc_note": "계좌당 가입 최저한도 : 100만원",
    "max_limit": null,
    "dcls_strt_day": "20250520",
    "dcls_end_day": null,
    "fin_co_subm_day": "202505200931",
    "created_at": "2025-05-27T18:33:53.169Z"
  }
},
{
  "model": "fin_products.depositproduct",
  "pk": 2268,
  "fields": {
    "dcls_month": "202505",
    "fin_co_no": "0010016",
    "kor_co_nm": "아이엠뱅크",
    "fin_prdt_cd": "10511008001278000",
    "fin_prdt_nm": "iM스마트예금",
    "join_way": "인터넷,스마트폰",
    "mtrt_int": "만기 후 1개월 미만 경과 : 약정이자율 x 50%\n만기 후 3개월 미만 경과 : 약정이자율 x 25% \n만기 후 3개월 이상 경과 : 약정이자율 x 10%",
    "spcl_cnd": "* 최고우대금리 : 연0.25%p\n- 가입일(재예치일)로부터 3개월 이내 아래 1가지 이상 요건 충족시\n① 당행 주택청약종합저축 보유\n② 당행 신용(체크)카드 결제실적 보유(결제금액 출금기준)\n* 해당 상품을 인터넷/모바일뱅킹을 통해 가입 : 연0.05%p",
    "join_member": "실명의 개인",
    "etc_note": "계좌당 가입 최저한도 : 100만원",
    "max_limit": null,
    "dcls_strt_day": "20250520",
    "dcls_end_day": null,
    "fin_co_subm_day": "202505200931",
    "created_at": "2025-05-27T18:33:53.197Z"
  }
},
{
  "model": "fin_products.depositproduct",
  "pk": 2269,
  "fields": {
    "dcls_month": "202505",
    "fin_co_no": "0010017",
    "kor_co_nm": "부산은행",
    "fin_prdt_cd": "01030500510002",
    "fin_prdt_nm": "LIVE정기예금",
    "join_way": "영업점,인터넷",
    "mtrt_int": "- 만기후1년내: 가입기간별 일반정기예금이율 x 50%,\n- 만기후1년초과:가입기간별 일반정기예금이율 x 20%",
    "spcl_cnd": "*우대이율\n가. 3~5개월 특판우대이율 : 0.50%\n나. 6~11개월 특판 우대이율: 0.40%\n다. 12개월 특판 우대이율 : 0.25%",
    "join_member": "제한없음",
    "etc_note": "1. 가입금액 :\n   1천만원 이상\n2. 가입기간 : \n1개월 이상 60개월 이하(일단위)\n3. 월이자지급식/만기일시지급식",
    "max_limit": null,
    "dcls_strt_day": "20250520",
    "dcls_end_day": null,
    "fin_co_subm_day": "202505200946",
    "created_at": "2025-05-27T18:33:53.248Z"
  }
},
{
  "model": "fin_products.depositproduct",
  "pk": 2270,
  "fields": {
    "dcls_month": "202505",
    "fin_co_no": "0010017",
    "kor_co_nm": "부산은행",
    "fin_prdt_cd": "01030500560002",
    "fin_prdt_nm": "더(The) 특판 정기예금",
    "join_way": "인터넷,스마트폰",
    "mtrt_int": "- 만기후1년내: 가입기간별 일반정기예금이율 x 50%,\n- 만기후1년초과:가입기간별 일반정기예금이율 x 20%",
    "spcl_cnd": "* 우대이율 (최대 0.70%p)\n가. 모바일뱅킹 금융정보 및 혜택알림 동의 우대이율 : 0.10%p\n나. 이벤트 우대이율 : 최대 0.6%p \n1) 더(The) 특판 정기예금 신규고객 우대이율 : 0.10%p\n2) 특판 우대이율 : 0.50%p",
    "join_member": "실명의 개인",
    "etc_note": "1. 가입금액 : 1백만원 이상 제한없음 (원단위)\n2. 가입기간 : 1개월, 3개월, 6개월, 1년, 2년, 3년\n3. 이자지급방식 : 만기일시지급식",
    "max_limit": null,
    "dcls_strt_day": "20250520",
    "dcls_end_day": null,
    "fin_co_subm_day": "202505200946",
    "created_at": "2025-05-27T18:33:53.311Z"
  }
},
{
  "model": "fin_products.depositproduct",
  "pk": 2271,
  "fields": {
    "dcls_month": "202505",
    "fin_co_no": "0010017",
    "kor_co_nm": "부산은행",
    "fin_prdt_cd": "01030500600002",
    "fin_prdt_nm": "더(The) 레벨업 정기예금",
    "join_way": "스마트폰",
    "mtrt_int": "- 만기후1년내: 가입기간별 일반정기예금이율 x 50%,\n- 만기후1년초과:가입기간별 일반정기예금이율 x 20%",
    "spcl_cnd": "*우대이율(최대 0.20%p)\n가. 모바일뱅킹 금융정보 및 혜택알림 동의 우대이율 : 0.10%p\n나. 비대면 정기예금 재예치 우대이율  : 0.10%",
    "join_member": "실명의 개인",
    "etc_note": "1. 가입금액 : 1백만원 이상 제한없음 (원단위)\n2. 가입기간 : 6개월, 1년\n3. 이자지급방식 : 만기일시지급식",
    "max_limit": null,
    "dcls_strt_day": "20250520",
    "dcls_end_day": null,
    "fin_co_subm_day": "202505200946",
    "created_at": "2025-05-27T18:33:53.358Z"
  }
},
{
  "model": "fin_products.depositproduct",
  "pk": 2272,
  "fields": {
    "dcls_month": "202505",
    "fin_co_no": "0010019",
    "kor_co_nm": "광주은행",
    "fin_prdt_cd": "TD11300027000",
    "fin_prdt_nm": "미즈월복리정기예금",
    "join_way": "영업점,인터넷,스마트폰,기타",
    "mtrt_int": "*만기후 1개월 이내: 만기일 당시 최초 가입 기간별 일반정기예금 고시금리의 1/2 \n*만기후 1개월 초과: 0.01%",
    "spcl_cnd": "▶ 최고우대금리 0.2% \n ① 요구불평잔 : 0.2% -300만원이상 0.1%, 500만원이상 0.2%\n ② 신용(체크)카드결제실적 : 0.1% -전월결제금 300만원이상 0.05%, 500만원이상 0.1%",
    "join_member": "만18세이상 여성으로 실명의 개인 및 개인사업자",
    "etc_note": "1. 가입기간 : 1년이상 3년제\n2. 가입금액 : 5백만원이상 최고 50백만원",
    "max_limit": 50000000,
    "dcls_strt_day": "20250520",
    "dcls_end_day": null,
    "fin_co_subm_day": "202505270847",
    "created_at": "2025-05-27T18:33:53.376Z"
  }
},
{
  "model": "fin_products.depositproduct",
  "pk": 2273,
  "fields": {
    "dcls_month": "202505",
    "fin_co_no": "0010019",
    "kor_co_nm": "광주은행",
    "fin_prdt_cd": "TD11300031000",
    "fin_prdt_nm": "스마트모아Dream정기예금",
    "join_way": "인터넷,스마트폰",
    "mtrt_int": "*만기후 1개월 이내: 만기일 당시 최초 가입 기간별 일반정기예금 고시금리의 1/2 \n*만기후 1개월 초과: 0.01%",
    "spcl_cnd": "▶ 1천만원 이상 가입시 최대 0.2%우대",
    "join_member": "개인 및 개인사업자",
    "etc_note": "1. 가입기간 : 1개월이상 3년제\n2. 최소가입금액 : 100만원이상",
    "max_limit": null,
    "dcls_strt_day": "20250520",
    "dcls_end_day": null,
    "fin_co_subm_day": "202505270847",
    "created_at": "2025-05-27T18:33:53.400Z"
  }
},
{
  "model": "fin_products.depositproduct",
  "pk": 2274,
  "fields": {
    "dcls_month": "202505",
    "fin_co_no": "0010019",
    "kor_co_nm": "광주은행",
    "fin_prdt_cd": "TD11300035000",
    "fin_prdt_nm": "굿스타트예금",
    "join_way": "스마트폰",
    "mtrt_int": "*만기후 1개월 이내: 만기일 당시 최초 가입 기간별 일반정기예금 고시금리의 1/2 \n*만기후 1개월 초과: 0.01%",
    "spcl_cnd": "▶ 최고우대금리 0.5% \n ① 첫예금거래 : 0.4% -최근1년동안 정기예금 계좌 신규 또는 해지이력이 없는경우\n ② 개인(신용)정보 수집이용동의 : 0.1% -만기일전일까지 유지시",
    "join_member": "개인 및 개인사업자",
    "etc_note": "1. 가입기간 : 1년제\n2. 가입금액 : 1백만원이상 최고 1억원(1인1계좌)",
    "max_limit": 100000000,
    "dcls_strt_day": "20250520",
    "dcls_end_day": null,
    "fin_co_subm_day": "202505270848",
    "created_at": "2025-05-27T18:33:53.439Z"
  }
},
{
  "model": "fin_products.depositproduct",
  "pk": 2275,
  "fields": {
    "dcls_month": "202505",
    "fin_co_no": "0010019",
    "kor_co_nm": "광주은행",
    "fin_prdt_cd": "TD11300036000",
    "fin_prdt_nm": "The플러스예금",
    "join_way": "영업점,스마트폰",
    "mtrt_int": "*만기후 1개월 이내: 만기일 당시 최초 가입 기간별 일반정기예금 고시금리의 1/2 \n*만기후 1개월 초과: 0.01%",
    "spcl_cnd": "▶ 해당사항없음",
    "join_member": "개인 및 법인(단,국가 지자체 및 금융기관 제외)",
    "etc_note": "1. 가입기간 : 3개월,6개월,1년제\n2. 가입금액 : 10백만원이상 고객당 10억원한도",
    "max_limit": 1000000000,
    "dcls_strt_day": "20250520",
    "dcls_end_day": null,
    "fin_co_subm_day": "202505270848",
    "created_at": "2025-05-27T18:33:53.449Z"
  }
},
{
  "model": "fin_products.depositproduct",
  "pk": 2276,
  "fields": {
    "dcls_month": "202505",
    "fin_co_no": "0010020",
    "kor_co_nm": "제주은행",
    "fin_prdt_cd": "101272000006",
    "fin_prdt_nm": "제주Dream\n정기예금\n(개인/만기\n지급식)",
    "join_way": "영업점,인터넷,스마트폰",
    "mtrt_int": "- 만기후 1개월 이내 : (일반)정기예금 기본이자율의 50%\n(단, 최저금리 0.1%)\n- 만기후 1개월 초과 3개월 이내 : (일반)정기예금 기본이자율의 25%\n(단, 최저금리 0.1%)\n- 만기후 3개월 초과 : 0.1%",
    "spcl_cnd": "최고 연 0.1%p(항목별 0.1%p)\n①급여이체\n②적립식예금 잔액 10만원 이상 보유\n③탑스, 주거래 고객\n④결제계좌(가맹점) 전월 입금액 10만원 이상 \n⑤비과세종합저축 대상 고객\n⑥다자녀(3인이상 자녀)가정\n⑦탐나는 J연금통장 가입고객\n⑧국민연금안심통장 가입고객\n⑨공무원연금안심통장 가입고객",
    "join_member": "제한없음",
    "etc_note": "가입금액 : 1백만원 이상",
    "max_limit": null,
    "dcls_strt_day": "20250520",
    "dcls_end_day": null,
    "fin_co_subm_day": "202505201417",
    "created_at": "2025-05-27T18:33:53.478Z"
  }
},
{
  "model": "fin_products.depositproduct",
  "pk": 2277,
  "fields": {
    "dcls_month": "202505",
    "fin_co_no": "0010020",
    "kor_co_nm": "제주은행",
    "fin_prdt_cd": "101272000057",
    "fin_prdt_nm": "J정기예금\n(만기지급식)",
    "join_way": "영업점,인터넷,스마트폰",
    "mtrt_int": "- 만기후 1개월 이내 : (일반)정기예금 기본이자율의 50%\n(단, 최저금리 0.1%)\n- 만기후 1개월 초과 3개월 이내 : (일반)정기예금 기본이자율의 25%\n(단, 최저금리 0.1%)\n- 만기후 3개월 초과 : 0.1%",
    "spcl_cnd": "- 아래의 우대요건 충족시 최고 0.5%p 추가 우대 \n①비대면 채널 가입시 0.3%제공(신규시제공)  \n(단, 이벤트시 디지털 채널에 고시한 우대금리를 추가 적용할 수 있음)\n②신규일로부터 만기달 제외한 계약기간의 1/2이상 매월 Jbank로그인 시 0.2%제공(만기시제공)",
    "join_member": "실명의 \n개인 및 \n개인사업자",
    "etc_note": "가입금액 : 30만원 이상",
    "max_limit": null,
    "dcls_strt_day": "20250520",
    "dcls_end_day": null,
    "fin_co_subm_day": "202505201417",
    "created_at": "2025-05-27T18:33:53.516Z"
  }
},
{
  "model": "fin_products.depositproduct",
  "pk": 2278,
  "fields": {
    "dcls_month": "202505",
    "fin_co_no": "0010020",
    "kor_co_nm": "제주은행",
    "fin_prdt_cd": "101272000058",
    "fin_prdt_nm": "스마일드림 \n정기예금\n(개인/선이자\n지급식)",
    "join_way": "영업점,스마트폰",
    "mtrt_int": "- 만기후 1개월 이내 : (일반)정기예금 기본이자율의 50%\n(단, 최저금리 0.1%)\n- 만기후 1개월 초과 3개월 이내 : (일반)정기예금 기본이자율의 25%\n(단, 최저금리 0.1%)\n- 만기후 3개월 초과 : 0.1%",
    "spcl_cnd": "-아래의 우대요건 충족시 최고0.3% 추가우대(신규시제공)\n①김만덕나눔적금 보유 또는 김만적 나눔적금 만기 해지고객 0.2%우대(가입시제공)\n②예금가입시 탐나는전 체크카드 보유고객 0.1%우대(가입시제공)\n(단, 이벤트시 영업점,디지털채널에 고시한 우대금리를 추가 적용할 수 있음)",
    "join_member": "실명의\n개인 및 \n개인사업자",
    "etc_note": "가입금액 : 1백만원 이상",
    "max_limit": null,
    "dcls_strt_day": "20250520",
    "dcls_end_day": null,
    "fin_co_subm_day": "202505201417",
    "created_at": "2025-05-27T18:33:53.563Z"
  }
},
{
  "model": "fin_products.depositproduct",
  "pk": 2279,
  "fields": {
    "dcls_month": "202505",
    "fin_co_no": "0010022",
    "kor_co_nm": "전북은행",
    "fin_prdt_cd": "10-01-20-024-0046-0000",
    "fin_prdt_nm": "JB 다이렉트예금통장\n(만기일시지급식)",
    "join_way": "인터넷,스마트폰",
    "mtrt_int": "만기후 1개월 이하 : 만기일 현재 계약기간별 정기예금 실행이율 1/2\n만기후 1개월 초과 : 연 0.01%",
    "spcl_cnd": "우대조건\n없음",
    "join_member": "실명의 개인(임의단체 제외",
    "etc_note": "가입금액 1계좌당 1백만원이상 10억원이하,\n1인당  총 10억원 이하,\n인터넷/스마트폰뱅킹 가입상품",
    "max_limit": 1000000000,
    "dcls_strt_day": "20250520",
    "dcls_end_day": null,
    "fin_co_subm_day": "202505201147",
    "created_at": "2025-05-27T18:33:53.587Z"
  }
},
{
  "model": "fin_products.depositproduct",
  "pk": 2280,
  "fields": {
    "dcls_month": "202505",
    "fin_co_no": "0010022",
    "kor_co_nm": "전북은행",
    "fin_prdt_cd": "10-01-20-024-0059-0000",
    "fin_prdt_nm": "JB 123 정기예금\n (만기일시지급식)",
    "join_way": "인터넷,스마트폰",
    "mtrt_int": "만기후 1개월 이하 : 만기일 현재 계약기간별 정기예금 실행이율 1/2\n만기후 1개월 초과 : 연 0.01%",
    "spcl_cnd": "자동재예치 우대이율\n1회차 0.1%,\n2회차 0.2%,\n3회차 0.3%",
    "join_member": "실명의 개인 또는 개인사업자 (1인 다계좌 가입 가능함)",
    "etc_note": "예금의 신규 : 인터넷뱅킹, 모바일뱅킹, 모바일웹, BDT\n예금의 해지 : 인터넷뱅킹, 모바일뱅킹, 영업점\n가입금액 최저 1백만원이상 고객별 5억원 이상 (다만 자동재예치시 이자 원가로 인한 5억원 초과는 가능), 계좌수 관계없이 가입가능",
    "max_limit": 500000000,
    "dcls_strt_day": "20250520",
    "dcls_end_day": null,
    "fin_co_subm_day": "202505201147",
    "created_at": "2025-05-27T18:33:53.618Z"
  }
},
{
  "model": "fin_products.depositproduct",
  "pk": 2281,
  "fields": {
    "dcls_month": "202505",
    "fin_co_no": "0010022",
    "kor_co_nm": "전북은행",
    "fin_prdt_cd": "10-01-20-024-0063-0000",
    "fin_prdt_nm": "내맘 쏙 정기예금",
    "join_way": "인터넷,스마트폰",
    "mtrt_int": "만기후 1개월 이하 : 만기일 현재 계약기간별 정기예금 실행이율 1/2\n만기후 1개월 초과 : 연 0.01%",
    "spcl_cnd": "1. 모바일뱅킹 첫거래 고객 0.10%\n2. 마케팅동의고객 0.10%\n3. 입출금계좌 이용고객 0.10%",
    "join_member": "실명의 개인 및 개인사업자",
    "etc_note": "가입금액 : 계좌당 10만원 이상\n예금의 신규 : 모바일뱅킹, 모바일Web\n예금의 해지 : 모바일뱅킹, 인터넷뱅킹, 영업점\n계약기간 : 1개월이상 12개월이내(월단위)",
    "max_limit": 999999999999,
    "dcls_strt_day": "20250520",
    "dcls_end_day": null,
    "fin_co_subm_day": "202505201147",
    "created_at": "2025-05-27T18:33:53.649Z"
  }
},
{
  "model": "fin_products.depositproduct",
  "pk": 2282,
  "fields": {
    "dcls_month": "202505",
    "fin_co_no": "0010024",
    "kor_co_nm": "경남은행",
    "fin_prdt_cd": "21001115",
    "fin_prdt_nm": "BNK더조은정기예금",
    "join_way": "인터넷,스마트폰",
    "mtrt_int": "만기 후 1개월 이내: 일반정기예금 기본이율 Ⅹ50%\n만기 후 1개월 초과: 일반정기예금 기본이율 Ⅹ20%",
    "spcl_cnd": "①가입금액 20백만원 이상인 경우 0.20%\n②이 예금 신규시 금리우대쿠폰 등록할 경우 0.20% \n③ 경남은행 오픈뱅킹 서비스에 가입되어 있는 경우\n(만기시까지 해당서비스 유지하는 경우) 0.10%\n④ 자동재예치 신청 0.05%\n(단 금리우대쿠폰과 중복적용 불가)",
    "join_member": "거래대상자는 제한을 두지 아니한다. 다만, 국가 및 지방자치단체는 이 예금을 거래할 수 없다.",
    "etc_note": "1. 이 예금의 계약기간은 3개월 이상 2년 이내 월단위로 한다.\n2. 가입금액은 1인당 최소 100만원 이상 5억원 이하이다.",
    "max_limit": 500000000,
    "dcls_strt_day": "20250520",
    "dcls_end_day": "99991231",
    "fin_co_subm_day": "202505201013",
    "created_at": "2025-05-27T18:33:53.678Z"
  }
},
{
  "model": "fin_products.depositproduct",
  "pk": 2283,
  "fields": {
    "dcls_month": "202505",
    "fin_co_no": "0010024",
    "kor_co_nm": "경남은행",
    "fin_prdt_cd": "21001280",
    "fin_prdt_nm": "The든든예금(시즌2)",
    "join_way": "스마트폰",
    "mtrt_int": "만기 후 1개월 이내: 일반정기예금 기본이율 Ⅹ50%\n만기 후 1개월 초과: 일반정기예금 기본이율 Ⅹ20%",
    "spcl_cnd": "①마케팅동의 및 모바일메세지 수신동의 0.05%\n②신규고객 우대(최근 12개월 신규이력·해지이력 미보유) 0.10%\n③이벤트금리(비대면금리) 최대 0.60%\n   (3, 6개월 0.55% / 12개월 0.60%)",
    "join_member": "개인",
    "etc_note": "1. 이 예금의 계약기간은 3개월, 6개월, 12개월로 한다.\n2. 가입좌수 제한없으며, 가입금액은 1인당 최소 100만원 이상 10억원 이하이다.",
    "max_limit": 1000000000,
    "dcls_strt_day": "20250520",
    "dcls_end_day": "20251231",
    "fin_co_subm_day": "202505201013",
    "created_at": "2025-05-27T18:33:53.710Z"
  }
},
{
  "model": "fin_products.depositproduct",
  "pk": 2284,
  "fields": {
    "dcls_month": "202505",
    "fin_co_no": "0010026",
    "kor_co_nm": "중소기업은행",
    "fin_prdt_cd": "01211310121",
    "fin_prdt_nm": "IBK평생한가족통장(실세금리정기예금)",
    "join_way": "영업점,인터넷,스마트폰",
    "mtrt_int": "만기일 당시 정기예금 만기후 이자율 적용 -1개월 이내: 만기일 당시 계약기간별 고시금리×50% -1월 초과 6개월 이내: 만기일 당시 계약기간별 고시금리×30% -6개월 초과: 만기일 당시 계약기간별 고시금리×20%",
    "spcl_cnd": "최고 연 0.20%p\n\n-고객별 우대 : 최고 연 0.05%p\n 1. 최초신규고객 : 연 0.05%p\n 2. 재예치고객 : 연 0.05%p\n 3. 장기거래고객 : 연 0.05%p\n\n-주거래우대 : 연 0.15%p",
    "join_member": "실명의 개인\n(개인사업자 제외)",
    "etc_note": "계좌 수 제한 없으며, 최소 1백만원 이상 통합한도 1억원 이내 가입 가능",
    "max_limit": 100000000,
    "dcls_strt_day": "20250520",
    "dcls_end_day": null,
    "fin_co_subm_day": "202505201048",
    "created_at": "2025-05-27T18:33:53.732Z"
  }
},
{
  "model": "fin_products.depositproduct",
  "pk": 2285,
  "fields": {
    "dcls_month": "202505",
    "fin_co_no": "0010026",
    "kor_co_nm": "중소기업은행",
    "fin_prdt_cd": "01211310130",
    "fin_prdt_nm": "IBK더굴리기통장(실세금리정기예금)",
    "join_way": "인터넷,스마트폰",
    "mtrt_int": "만기일 당시 정기예금 만기후 이자율 적용 -1개월 이내: 만기일 당시 계약기간별 고시금리×50% -1월 초과 6개월 이내: 만기일 당시 계약기간별 고시금리×30% -6개월 초과: 만기일 당시 계약기간별 고시금리×20%",
    "spcl_cnd": "없음",
    "join_member": "실명의 개인\n(개인사업자 제외)",
    "etc_note": "계좌 수 제한 없으며, 최소 1백만원 이상 납입한도 제한 없음",
    "max_limit": null,
    "dcls_strt_day": "20250527",
    "dcls_end_day": null,
    "fin_co_subm_day": "202505270951",
    "created_at": "2025-05-27T18:33:53.755Z"
  }
},
{
  "model": "fin_products.depositproduct",
  "pk": 2286,
  "fields": {
    "dcls_month": "202505",
    "fin_co_no": "0010026",
    "kor_co_nm": "중소기업은행",
    "fin_prdt_cd": "01211310142",
    "fin_prdt_nm": "IBK굴리기통장(정기예금)",
    "join_way": "영업점,스마트폰",
    "mtrt_int": "만기일 당시 정기예금 만기후 이자율 적용 -1개월 이내: 만기일 당시 계약기간별 고시금리×50% -1월 초과 6개월 이내: 만기일 당시 계약기간별 고시금리×30% -6개월 초과: 만기일 당시 계약기간별 고시금리×20%",
    "spcl_cnd": "없음",
    "join_member": "실명의 개인\n(개인사업자 제외)",
    "etc_note": "계좌 수 제한 없으며, 최소 1백만원 이상 통합한도 3억원 이내 가입 가능",
    "max_limit": 300000000,
    "dcls_strt_day": "20250526",
    "dcls_end_day": null,
    "fin_co_subm_day": "202505270940",
    "created_at": "2025-05-27T18:33:53.789Z"
  }
},
{
  "model": "fin_products.depositproduct",
  "pk": 2287,
  "fields": {
    "dcls_month": "202505",
    "fin_co_no": "0010030",
    "kor_co_nm": "한국산업은행",
    "fin_prdt_cd": "06492",
    "fin_prdt_nm": "KDB 정기예금",
    "join_way": "영업점,인터넷,스마트폰",
    "mtrt_int": "* 만기후 1년 이내 : 만기일 현재 고시된 일반 정기예금 해당기간 기본이율의 1/2\n* 만기후 1년 초과 : 만기일 현재 고시된 보통예금 이자율",
    "spcl_cnd": "해당없음",
    "join_member": "제한없음",
    "etc_note": "해당없음",
    "max_limit": null,
    "dcls_strt_day": "20250520",
    "dcls_end_day": null,
    "fin_co_subm_day": "202505201013",
    "created_at": "2025-05-27T18:33:53.819Z"
  }
},
{
  "model": "fin_products.depositproduct",
  "pk": 2288,
  "fields": {
    "dcls_month": "202505",
    "fin_co_no": "0010927",
    "kor_co_nm": "국민은행",
    "fin_prdt_cd": "010300100335",
    "fin_prdt_nm": "KB Star 정기예금",
    "join_way": "인터넷,스마트폰",
    "mtrt_int": "- 1개월 이내 : 기본이율 X 50%\n- 1개월 초과  ~ 3개월 이내 : 기본이율 X 30%\n- 3개월 초과 : 0.1%",
    "spcl_cnd": "해당무",
    "join_member": "실명의 개인 또는 개인사업자",
    "etc_note": "- 가입금액 : 1백만원 이상",
    "max_limit": null,
    "dcls_strt_day": "20250526",
    "dcls_end_day": null,
    "fin_co_subm_day": "202505261155",
    "created_at": "2025-05-27T18:33:53.857Z"
  }
},
{
  "model": "fin_products.depositproduct",
  "pk": 2289,
  "fields": {
    "dcls_month": "202505",
    "fin_co_no": "0011625",
    "kor_co_nm": "신한은행",
    "fin_prdt_cd": "200-0135-12",
    "fin_prdt_nm": "쏠편한 정기예금",
    "join_way": "인터넷,스마트폰",
    "mtrt_int": "-1개월 이하: (일반) 정기예금 기본금리 1/2\n(단, 최저금리 0.10%)\n-1개월 초과~6개월 이하: (일반) 정기예금 기본금리의 1/4\n(단, 최저금리 0.10%)\n-6개월 초과:  0.10%",
    "spcl_cnd": "해당사항없음",
    "join_member": "만14세이상 개인고객",
    "etc_note": "1. 가입한도 :\n 1만원 이상",
    "max_limit": null,
    "dcls_strt_day": "20250520",
    "dcls_end_day": null,
    "fin_co_subm_day": "202505201017",
    "created_at": "2025-05-27T18:33:53.893Z"
  }
},
{
  "model": "fin_products.depositproduct",
  "pk": 2290,
  "fields": {
    "dcls_month": "202505",
    "fin_co_no": "0013175",
    "kor_co_nm": "농협은행주식회사",
    "fin_prdt_cd": "10-003-1225-0001",
    "fin_prdt_nm": "NH왈츠회전예금 II",
    "join_way": "영업점,인터넷,스마트폰",
    "mtrt_int": "만기 후 3개월 : 기본금리의 50%\n만기 후 6개월 : 기본금리의 20%\n만기 후 6개월 초과 : 기본금리의 10%\n\n* 기본금리 : 만기시점의 일반정기예금 계약기간별 금리",
    "spcl_cnd": "1. 급여이체실적(50만원 이상)이 있는 경우 : 0.1%p\n2. 트리플 회전 우대이율 :  4회전기간부터 0.1%p",
    "join_member": "개인",
    "etc_note": "※ 기본금리 및 최고 우대금리 항목은 가입기간이 아닌 ‘회전주기’기간별 금리를 공시\n - 회전주기는 1개월 이상 12개월 이내 월단위로 선택 가능\n※ 전월취급평균금리는 본 홈페이지에 공시되지 않는 회전기간 6개월 미만의 계좌들도 포함하여 산출하기 때문에 회전기간별로 공시된 기본금리보다 낮게 보여질 수 있음",
    "max_limit": null,
    "dcls_strt_day": "20250527",
    "dcls_end_day": null,
    "fin_co_subm_day": "202505270921",
    "created_at": "2025-05-27T18:33:53.931Z"
  }
},
{
  "model": "fin_products.depositproduct",
  "pk": 2291,
  "fields": {
    "dcls_month": "202505",
    "fin_co_no": "0013175",
    "kor_co_nm": "농협은행주식회사",
    "fin_prdt_cd": "10-003-1381-0001",
    "fin_prdt_nm": "NH내가Green초록세상예금",
    "join_way": "영업점,인터넷,스마트폰",
    "mtrt_int": "만기 후 3개월 : 기본금리의 50%\n만기 후 6개월 : 기본금리의 20%\n만기 후  6개월 초과 : 기본금리의 10%\n\n* 기본금리 : 만기시점의 일반정기예금 계약기간별 금리",
    "spcl_cnd": "※ 우대금리 최대한도 : 0.4%p(연%, 세전)\n1. 온실가스 줄이기 실천서약서 동의 : 0.1%p\n2. 통장미발급 : 0.1%p\n3. 손하나로인증 서비스 등록 : 0.1%p\n4. NH내가Green초록세상적금 동시 보유 : 0.1%p",
    "join_member": "개인",
    "etc_note": "1. 300만원이상 가입\n2. 온실가스 줄이기 실천서약서 동의시 가입가능\n3. 신규가입 계좌당 2천원씩 녹색환경기금 적립\n※ 자세한 사항은 상품설명서 참조",
    "max_limit": null,
    "dcls_strt_day": "20250527",
    "dcls_end_day": null,
    "fin_co_subm_day": "202505270921",
    "created_at": "2025-05-27T18:33:53.957Z"
  }
},
{
  "model": "fin_products.depositproduct",
  "pk": 2292,
  "fields": {
    "dcls_month": "202505",
    "fin_co_no": "0013175",
    "kor_co_nm": "농협은행주식회사",
    "fin_prdt_cd": "10-003-1384-0001",
    "fin_prdt_nm": "NH올원e예금",
    "join_way": "인터넷,스마트폰",
    "mtrt_int": "만기 후 3개월 : 기본금리의 50%\n만기 후 6개월 : 기본금리의 20%\n만기 후  6개월 초과 : 기본금리의 10%\n\n* 기본금리 : 만기시점의 큰만족실세예금 계약기간별 금리",
    "spcl_cnd": "없음",
    "join_member": "개인",
    "etc_note": "1. 10만원 이상 10억원 이내 가입",
    "max_limit": 1000000000,
    "dcls_strt_day": "20250527",
    "dcls_end_day": null,
    "fin_co_subm_day": "202505270921",
    "created_at": "2025-05-27T18:33:53.980Z"
  }
},
{
  "model": "fin_products.depositproduct",
  "pk": 2293,
  "fields": {
    "dcls_month": "202505",
    "fin_co_no": "0013175",
    "kor_co_nm": "농협은행주식회사",
    "fin_prdt_cd": "10-003-1387-0001",
    "fin_prdt_nm": "NH고향사랑기부예금",
    "join_way": "영업점,인터넷,스마트폰",
    "mtrt_int": "만기 후 3개월 : 기본금리의 50%\n만기 후 6개월 : 기본금리의 20%\n만기 후  6개월 초과 : 기본금리의 10%\n\n* 기본금리 : 만기시점의 큰만족실세예금 계약기간별 금리",
    "spcl_cnd": "1. 고향사랑기부금 납부고객 우대 : 0.5%p\n\n2-1. 만65세 이상 고령자 우대 : 0.1%p\n2-2. 만 19~34세 MZ고객 우대 : 0.1%p\n\n3. 고향사랑 특별금리 : 0.1%p (금리시장상황에 따라 변동 가능)\n - 고향사랑 특별금리는 상품 가입고객 모두에게 적용",
    "join_member": "개인",
    "etc_note": "1. 100만원 이상 가입\n2. 고향사랑기부금 우대금리는 농협은행/농축협 영업점 또는 고향사랑e음 홈페이지를 통한 고향사랑기부금 납부실적이 확인되는 경우 제공\n3. 연간 판매액의 0.1% 공익기금 적립\n\n※ 우대조건 관련 자세한 사항은 상품설명서 참조",
    "max_limit": null,
    "dcls_strt_day": "20250527",
    "dcls_end_day": null,
    "fin_co_subm_day": "202505270921",
    "created_at": "2025-05-27T18:33:54.026Z"
  }
},
{
  "model": "fin_products.depositproduct",
  "pk": 2294,
  "fields": {
    "dcls_month": "202505",
    "fin_co_no": "0013909",
    "kor_co_nm": "하나은행",
    "fin_prdt_cd": "4",
    "fin_prdt_nm": "하나의정기예금",
    "join_way": "스마트폰",
    "mtrt_int": "1개월이내 : 지급당시 해당기간 일반정기예금 월이자지급식 기본금리 1/2\n1개월초과 : 지급당시 해당기간 일반정기예금 월이자지급식 기본금리 1/4",
    "spcl_cnd": "해당사항없음",
    "join_member": "실명의 개인 또는 개인사업자",
    "etc_note": "1. 가입금액: 1백만원이상\n2. 1인 최대가입한도 : 제한 없음",
    "max_limit": null,
    "dcls_strt_day": "20250520",
    "dcls_end_day": null,
    "fin_co_subm_day": "202505200951",
    "created_at": "2025-05-27T18:33:54.040Z"
  }
},
{
  "model": "fin_products.depositproduct",
  "pk": 2295,
  "fields": {
    "dcls_month": "202505",
    "fin_co_no": "0014674",
    "kor_co_nm": "주식회사 케이뱅크",
    "fin_prdt_cd": "01013000110000000001",
    "fin_prdt_nm": "코드K 정기예금",
    "join_way": "스마트폰",
    "mtrt_int": "만기 후 \n- 1개월 이내 : 만기시점 기본금리 X 50%\n- 1개월 초과~6개월 이내 : 만기시점 기본금리 X 30%\n- 6개월 초과 : 연 0.20%",
    "spcl_cnd": "우대조건 없음",
    "join_member": "만 17세 이상 실명의 개인 및 개인사업자",
    "etc_note": "가입금액 : 1백만원 이상\n가입기간 : 1개월~36개월",
    "max_limit": null,
    "dcls_strt_day": "20250520",
    "dcls_end_day": null,
    "fin_co_subm_day": "202505201130",
    "created_at": "2025-05-27T18:33:54.091Z"
  }
},
{
  "model": "fin_products.depositproduct",
  "pk": 2296,
  "fields": {
    "dcls_month": "202505",
    "fin_co_no": "0014807",
    "kor_co_nm": "수협은행",
    "fin_prdt_cd": "10120110400011",
    "fin_prdt_nm": "Sh평생주거래우대예금\n(만기일시지급식)",
    "join_way": "영업점",
    "mtrt_int": "* 만기후 1년 이내\n - 만기당시 일반정기예금(월이자지급식) 계약기간별 기본금리 1/2\n* 만기후 1년 초과\n - 만기당시 보통예금 기본금리",
    "spcl_cnd": "* 최대우대금리 : 0.4%\n1. 거래고객우대금리 : 최대0.1% (신규시) \n -최초예적금고객/재예치/장기거래 각 0.05% \n2. 거래실적우대금리 : 최대0.3% (만기시)\n -급여,연금이체등/수협카드결제/공과금이체등 각0.1%\n※단위:연%p",
    "join_member": "실명의 개인",
    "etc_note": "- 1인 1계좌\n- 최저 100만원 이상",
    "max_limit": null,
    "dcls_strt_day": "20250523",
    "dcls_end_day": "99991231",
    "fin_co_subm_day": "202505231505",
    "created_at": "2025-05-27T18:33:54.141Z"
  }
},
{
  "model": "fin_products.depositproduct",
  "pk": 2297,
  "fields": {
    "dcls_month": "202505",
    "fin_co_no": "0014807",
    "kor_co_nm": "수협은행",
    "fin_prdt_cd": "10120114300011",
    "fin_prdt_nm": "Sh해양플라스틱Zero!예금\n(만기일시지급식)",
    "join_way": "영업점,인터넷,스마트폰",
    "mtrt_int": "* 만기후 \n-1개월 이내: 만기당시 일반정기예금(월이자지급식) 계약기간별 기본금리 1/2\n-1개월초과~3개월 이내: 만기당시 일반정기예금(월이자지급식) 기본금리의 1/4\n- 3개월 초과: 만기당시 보통예금 기본금리",
    "spcl_cnd": "* 최대우대금리:0.35%\n1. 해양플라스틱감축서약 : 0.1% (신규시) \n2. 봉사활동 또는 상품홍보 : 0.15% (만기시) \n3. 입출금통장 최초신규 : 0.1% (만기시)\n4. 자동이체 출금실적 : 0.1% (만기시)\n - 수협신용카드 / 당행 펀드 또는 적금 / 수협체크카드\n※단위:연%p",
    "join_member": "실명의 개인",
    "etc_note": "- 1인 다계좌 가능. \n  단,  합산금액 5억원 이내 \n- 최저 100만원 이상",
    "max_limit": 500000000,
    "dcls_strt_day": "20250523",
    "dcls_end_day": "99991231",
    "fin_co_subm_day": "202505231505",
    "created_at": "2025-05-27T18:33:54.154Z"
  }
},
{
  "model": "fin_products.depositproduct",
  "pk": 2298,
  "fields": {
    "dcls_month": "202505",
    "fin_co_no": "0014807",
    "kor_co_nm": "수협은행",
    "fin_prdt_cd": "10120114700011",
    "fin_prdt_nm": "헤이(Hey)정기예금",
    "join_way": "인터넷,스마트폰",
    "mtrt_int": "* 만기후 \n-1개월 이내: 만기당시 일반정기예금(월이자지급식) 계약기간별 기본금리 1/2\n-1개월초과~3개월 이내: 만기당시 일반정기예금(월이자지급식) 기본금리의 1/4\n- 3개월 초과: 만기당시 보통예금 기본금리",
    "spcl_cnd": "없음",
    "join_member": "실명의 개인",
    "etc_note": "-1인 다계좌 가능.\n 단, 합산금액 최대 10억원 이내\n-최저 10만원 이상",
    "max_limit": 1000000000,
    "dcls_strt_day": "20250523",
    "dcls_end_day": "99991231",
    "fin_co_subm_day": "202505231505",
    "created_at": "2025-05-27T18:33:54.173Z"
  }
},
{
  "model": "fin_products.depositproduct",
  "pk": 2299,
  "fields": {
    "dcls_month": "202505",
    "fin_co_no": "0014807",
    "kor_co_nm": "수협은행",
    "fin_prdt_cd": "10120116100011",
    "fin_prdt_nm": "Sh첫만남우대예금",
    "join_way": "인터넷,스마트폰",
    "mtrt_int": "* 만기후 \n-1개월 이내: 만기당시 일반정기예금(월이자지급식) 계약기간별 기본금리 1/2\n-1개월초과~3개월 이내: 만기당시 일반정기예금(월이자지급식) 기본금리의 1/4\n- 3개월 초과: 만기당시 보통예금 기본금리",
    "spcl_cnd": "* 최대우대금리:1.05%\n1. 첫거래우대 : 1.0% (신규시) \n  - 최근 1년간 수협은행 예적금 활동계좌 미보유 고객포함\n2. 마케팅전체동의 : 0.05%(신규시) \n3. 스마트폰뱅킹의 상품알리기 : 0.80%(만기시)\n※단위:연%p",
    "join_member": "실명의 개인",
    "etc_note": "-1인 1계좌\n-최저 100만원 이상",
    "max_limit": 10000000,
    "dcls_strt_day": "20250523",
    "dcls_end_day": "99991231",
    "fin_co_subm_day": "202505231505",
    "created_at": "2025-05-27T18:33:54.199Z"
  }
},
{
  "model": "fin_products.depositproduct",
  "pk": 2300,
  "fields": {
    "dcls_month": "202505",
    "fin_co_no": "0015130",
    "kor_co_nm": "주식회사 카카오뱅크",
    "fin_prdt_cd": "10-01-20-388-0002",
    "fin_prdt_nm": "카카오뱅크 정기예금",
    "join_way": "스마트폰",
    "mtrt_int": "- 만기 후 1개월 이내 : 가입(또는 자동연장)시점 기본금리x50%\n- 만기 후 1개월초과 3개월 이내 : 가입(또는 자동연장)시점 기본금리x30%\n- 만기 후 3개월 초과 : 0.20%",
    "spcl_cnd": "※복잡한 우대조건 없이 가입가능한 정기예금",
    "join_member": "만 14세 이상의 실명의 개인",
    "etc_note": "1. 가입방법 : 스마트폰\n2. 가입금액 : 100만원 이상(원단위)\n3. 가입기간 : 1개월 이상 ~ 36개월 이하(월, 일단위 지정 가능)",
    "max_limit": null,
    "dcls_strt_day": "20250520",
    "dcls_end_day": null,
    "fin_co_subm_day": "202505201152",
    "created_at": "2025-05-27T18:33:54.216Z"
  }
},
{
  "model": "fin_products.depositproduct",
  "pk": 2301,
  "fields": {
    "dcls_month": "202505",
    "fin_co_no": "0017801",
    "kor_co_nm": "토스뱅크 주식회사",
    "fin_prdt_cd": "1001202000002",
    "fin_prdt_nm": "토스뱅크 먼저 이자 받는 정기예금",
    "join_way": "스마트폰",
    "mtrt_int": "· 만기 후 1개월 이내 : 만기시점 기본금리 X 50% \n· 만기 후 1개월 초과 3개월 이내 : 만기시점 기본금리 X 20% \n· 만기 후 3개월 초과 : 연 0.10%",
    "spcl_cnd": "우대조건 없음",
    "join_member": "토스뱅크 통장 또는 토스뱅크 서브 통장을 보유한 만 17세 이상 실명의 개인",
    "etc_note": "· 계약기간 : 3개월, 6개월 \n· 가입금액 : 최소 1백만원 최대 10억원",
    "max_limit": 1000000000,
    "dcls_strt_day": "20250520",
    "dcls_end_day": "99991231",
    "fin_co_subm_day": "202505201044",
    "created_at": "2025-05-27T18:33:54.281Z"
  }
},
{
  "model": "fin_products.depositoption",
  "pk": 8991,
  "fields": {
    "deposit_product": 2263,
    "intr_rate_type": "S",
    "intr_rate_type_nm": "단리",
    "save_trm": 1,
    "intr_rate": "2.70",
    "intr_rate2": "2.70"
  }
},
{
  "model": "fin_products.depositoption",
  "pk": 8992,
  "fields": {
    "deposit_product": 2263,
    "intr_rate_type": "S",
    "intr_rate_type_nm": "단리",
    "save_trm": 3,
    "intr_rate": "2.70",
    "intr_rate2": "2.70"
  }
},
{
  "model": "fin_products.depositoption",
  "pk": 8993,
  "fields": {
    "deposit_product": 2263,
    "intr_rate_type": "S",
    "intr_rate_type_nm": "단리",
    "save_trm": 6,
    "intr_rate": "2.60",
    "intr_rate2": "2.60"
  }
},
{
  "model": "fin_products.depositoption",
  "pk": 8994,
  "fields": {
    "deposit_product": 2263,
    "intr_rate_type": "S",
    "intr_rate_type_nm": "단리",
    "save_trm": 12,
    "intr_rate": "2.60",
    "intr_rate2": "2.60"
  }
},
{
  "model": "fin_products.depositoption",
  "pk": 8995,
  "fields": {
    "deposit_product": 2263,
    "intr_rate_type": "S",
    "intr_rate_type_nm": "단리",
    "save_trm": 24,
    "intr_rate": "2.45",
    "intr_rate2": "2.45"
  }
},
{
  "model": "fin_products.depositoption",
  "pk": 8996,
  "fields": {
    "deposit_product": 2263,
    "intr_rate_type": "S",
    "intr_rate_type_nm": "단리",
    "save_trm": 36,
    "intr_rate": "2.50",
    "intr_rate2": "2.50"
  }
},
{
  "model": "fin_products.depositoption",
  "pk": 8997,
  "fields": {
    "deposit_product": 2264,
    "intr_rate_type": "S",
    "intr_rate_type_nm": "단리",
    "save_trm": 1,
    "intr_rate": "2.40",
    "intr_rate2": "2.60"
  }
},
{
  "model": "fin_products.depositoption",
  "pk": 8998,
  "fields": {
    "deposit_product": 2264,
    "intr_rate_type": "S",
    "intr_rate_type_nm": "단리",
    "save_trm": 3,
    "intr_rate": "2.75",
    "intr_rate2": "2.95"
  }
},
{
  "model": "fin_products.depositoption",
  "pk": 8999,
  "fields": {
    "deposit_product": 2264,
    "intr_rate_type": "S",
    "intr_rate_type_nm": "단리",
    "save_trm": 6,
    "intr_rate": "2.75",
    "intr_rate2": "2.95"
  }
},
{
  "model": "fin_products.depositoption",
  "pk": 9000,
  "fields": {
    "deposit_product": 2264,
    "intr_rate_type": "S",
    "intr_rate_type_nm": "단리",
    "save_trm": 12,
    "intr_rate": "2.60",
    "intr_rate2": "2.90"
  }
},
{
  "model": "fin_products.depositoption",
  "pk": 9001,
  "fields": {
    "deposit_product": 2265,
    "intr_rate_type": "S",
    "intr_rate_type_nm": "단리",
    "save_trm": 6,
    "intr_rate": "1.67",
    "intr_rate2": "2.32"
  }
},
{
  "model": "fin_products.depositoption",
  "pk": 9002,
  "fields": {
    "deposit_product": 2265,
    "intr_rate_type": "S",
    "intr_rate_type_nm": "단리",
    "save_trm": 12,
    "intr_rate": "2.26",
    "intr_rate2": "2.91"
  }
},
{
  "model": "fin_products.depositoption",
  "pk": 9003,
  "fields": {
    "deposit_product": 2265,
    "intr_rate_type": "S",
    "intr_rate_type_nm": "단리",
    "save_trm": 24,
    "intr_rate": "2.13",
    "intr_rate2": "2.78"
  }
},
{
  "model": "fin_products.depositoption",
  "pk": 9004,
  "fields": {
    "deposit_product": 2265,
    "intr_rate_type": "S",
    "intr_rate_type_nm": "단리",
    "save_trm": 36,
    "intr_rate": "2.15",
    "intr_rate2": "2.80"
  }
},
{
  "model": "fin_products.depositoption",
  "pk": 9005,
  "fields": {
    "deposit_product": 2266,
    "intr_rate_type": "S",
    "intr_rate_type_nm": "단리",
    "save_trm": 3,
    "intr_rate": "1.47",
    "intr_rate2": "1.92"
  }
},
{
  "model": "fin_products.depositoption",
  "pk": 9006,
  "fields": {
    "deposit_product": 2266,
    "intr_rate_type": "S",
    "intr_rate_type_nm": "단리",
    "save_trm": 6,
    "intr_rate": "1.87",
    "intr_rate2": "2.32"
  }
},
{
  "model": "fin_products.depositoption",
  "pk": 9007,
  "fields": {
    "deposit_product": 2266,
    "intr_rate_type": "S",
    "intr_rate_type_nm": "단리",
    "save_trm": 12,
    "intr_rate": "2.46",
    "intr_rate2": "2.91"
  }
},
{
  "model": "fin_products.depositoption",
  "pk": 9008,
  "fields": {
    "deposit_product": 2266,
    "intr_rate_type": "S",
    "intr_rate_type_nm": "단리",
    "save_trm": 24,
    "intr_rate": "2.33",
    "intr_rate2": "2.78"
  }
},
{
  "model": "fin_products.depositoption",
  "pk": 9009,
  "fields": {
    "deposit_product": 2266,
    "intr_rate_type": "S",
    "intr_rate_type_nm": "단리",
    "save_trm": 36,
    "intr_rate": "2.35",
    "intr_rate2": "2.80"
  }
},
{
  "model": "fin_products.depositoption",
  "pk": 9010,
  "fields": {
    "deposit_product": 2267,
    "intr_rate_type": "S",
    "intr_rate_type_nm": "단리",
    "save_trm": 12,
    "intr_rate": "2.40",
    "intr_rate2": "2.85"
  }
},
{
  "model": "fin_products.depositoption",
  "pk": 9011,
  "fields": {
    "deposit_product": 2268,
    "intr_rate_type": "S",
    "intr_rate_type_nm": "단리",
    "save_trm": 1,
    "intr_rate": "1.60",
    "intr_rate2": "1.65"
  }
},
{
  "model": "fin_products.depositoption",
  "pk": 9012,
  "fields": {
    "deposit_product": 2268,
    "intr_rate_type": "S",
    "intr_rate_type_nm": "단리",
    "save_trm": 3,
    "intr_rate": "2.60",
    "intr_rate2": "2.65"
  }
},
{
  "model": "fin_products.depositoption",
  "pk": 9013,
  "fields": {
    "deposit_product": 2268,
    "intr_rate_type": "S",
    "intr_rate_type_nm": "단리",
    "save_trm": 6,
    "intr_rate": "2.50",
    "intr_rate2": "2.75"
  }
},
{
  "model": "fin_products.depositoption",
  "pk": 9014,
  "fields": {
    "deposit_product": 2268,
    "intr_rate_type": "S",
    "intr_rate_type_nm": "단리",
    "save_trm": 12,
    "intr_rate": "2.50",
    "intr_rate2": "2.75"
  }
},
{
  "model": "fin_products.depositoption",
  "pk": 9015,
  "fields": {
    "deposit_product": 2268,
    "intr_rate_type": "S",
    "intr_rate_type_nm": "단리",
    "save_trm": 24,
    "intr_rate": "2.18",
    "intr_rate2": "2.43"
  }
},
{
  "model": "fin_products.depositoption",
  "pk": 9016,
  "fields": {
    "deposit_product": 2268,
    "intr_rate_type": "S",
    "intr_rate_type_nm": "단리",
    "save_trm": 36,
    "intr_rate": "2.20",
    "intr_rate2": "2.45"
  }
},
{
  "model": "fin_products.depositoption",
  "pk": 9017,
  "fields": {
    "deposit_product": 2269,
    "intr_rate_type": "S",
    "intr_rate_type_nm": "단리",
    "save_trm": 1,
    "intr_rate": "1.80",
    "intr_rate2": "1.80"
  }
},
{
  "model": "fin_products.depositoption",
  "pk": 9018,
  "fields": {
    "deposit_product": 2269,
    "intr_rate_type": "S",
    "intr_rate_type_nm": "단리",
    "save_trm": 3,
    "intr_rate": "2.00",
    "intr_rate2": "2.50"
  }
},
{
  "model": "fin_products.depositoption",
  "pk": 9019,
  "fields": {
    "deposit_product": 2269,
    "intr_rate_type": "S",
    "intr_rate_type_nm": "단리",
    "save_trm": 6,
    "intr_rate": "2.10",
    "intr_rate2": "2.50"
  }
},
{
  "model": "fin_products.depositoption",
  "pk": 9020,
  "fields": {
    "deposit_product": 2269,
    "intr_rate_type": "S",
    "intr_rate_type_nm": "단리",
    "save_trm": 12,
    "intr_rate": "2.25",
    "intr_rate2": "2.50"
  }
},
{
  "model": "fin_products.depositoption",
  "pk": 9021,
  "fields": {
    "deposit_product": 2269,
    "intr_rate_type": "S",
    "intr_rate_type_nm": "단리",
    "save_trm": 24,
    "intr_rate": "1.90",
    "intr_rate2": "1.90"
  }
},
{
  "model": "fin_products.depositoption",
  "pk": 9022,
  "fields": {
    "deposit_product": 2269,
    "intr_rate_type": "S",
    "intr_rate_type_nm": "단리",
    "save_trm": 36,
    "intr_rate": "1.90",
    "intr_rate2": "1.90"
  }
},
{
  "model": "fin_products.depositoption",
  "pk": 9023,
  "fields": {
    "deposit_product": 2270,
    "intr_rate_type": "S",
    "intr_rate_type_nm": "단리",
    "save_trm": 1,
    "intr_rate": "1.40",
    "intr_rate2": "2.10"
  }
},
{
  "model": "fin_products.depositoption",
  "pk": 9024,
  "fields": {
    "deposit_product": 2270,
    "intr_rate_type": "S",
    "intr_rate_type_nm": "단리",
    "save_trm": 3,
    "intr_rate": "1.75",
    "intr_rate2": "2.45"
  }
},
{
  "model": "fin_products.depositoption",
  "pk": 9025,
  "fields": {
    "deposit_product": 2270,
    "intr_rate_type": "S",
    "intr_rate_type_nm": "단리",
    "save_trm": 6,
    "intr_rate": "1.90",
    "intr_rate2": "2.60"
  }
},
{
  "model": "fin_products.depositoption",
  "pk": 9026,
  "fields": {
    "deposit_product": 2270,
    "intr_rate_type": "S",
    "intr_rate_type_nm": "단리",
    "save_trm": 12,
    "intr_rate": "2.00",
    "intr_rate2": "2.70"
  }
},
{
  "model": "fin_products.depositoption",
  "pk": 9027,
  "fields": {
    "deposit_product": 2270,
    "intr_rate_type": "S",
    "intr_rate_type_nm": "단리",
    "save_trm": 24,
    "intr_rate": "1.55",
    "intr_rate2": "2.25"
  }
},
{
  "model": "fin_products.depositoption",
  "pk": 9028,
  "fields": {
    "deposit_product": 2270,
    "intr_rate_type": "S",
    "intr_rate_type_nm": "단리",
    "save_trm": 36,
    "intr_rate": "1.25",
    "intr_rate2": "1.95"
  }
},
{
  "model": "fin_products.depositoption",
  "pk": 9029,
  "fields": {
    "deposit_product": 2271,
    "intr_rate_type": "S",
    "intr_rate_type_nm": "단리",
    "save_trm": 6,
    "intr_rate": "2.30",
    "intr_rate2": "2.50"
  }
},
{
  "model": "fin_products.depositoption",
  "pk": 9030,
  "fields": {
    "deposit_product": 2271,
    "intr_rate_type": "S",
    "intr_rate_type_nm": "단리",
    "save_trm": 12,
    "intr_rate": "2.45",
    "intr_rate2": "2.65"
  }
},
{
  "model": "fin_products.depositoption",
  "pk": 9031,
  "fields": {
    "deposit_product": 2272,
    "intr_rate_type": "M",
    "intr_rate_type_nm": "복리",
    "save_trm": 12,
    "intr_rate": "2.29",
    "intr_rate2": "2.49"
  }
},
{
  "model": "fin_products.depositoption",
  "pk": 9032,
  "fields": {
    "deposit_product": 2272,
    "intr_rate_type": "M",
    "intr_rate_type_nm": "복리",
    "save_trm": 24,
    "intr_rate": "2.30",
    "intr_rate2": "2.50"
  }
},
{
  "model": "fin_products.depositoption",
  "pk": 9033,
  "fields": {
    "deposit_product": 2272,
    "intr_rate_type": "M",
    "intr_rate_type_nm": "복리",
    "save_trm": 36,
    "intr_rate": "2.25",
    "intr_rate2": "2.45"
  }
},
{
  "model": "fin_products.depositoption",
  "pk": 9034,
  "fields": {
    "deposit_product": 2273,
    "intr_rate_type": "S",
    "intr_rate_type_nm": "단리",
    "save_trm": 1,
    "intr_rate": "2.23",
    "intr_rate2": "2.33"
  }
},
{
  "model": "fin_products.depositoption",
  "pk": 9035,
  "fields": {
    "deposit_product": 2273,
    "intr_rate_type": "S",
    "intr_rate_type_nm": "단리",
    "save_trm": 3,
    "intr_rate": "2.21",
    "intr_rate2": "2.31"
  }
},
{
  "model": "fin_products.depositoption",
  "pk": 9036,
  "fields": {
    "deposit_product": 2273,
    "intr_rate_type": "S",
    "intr_rate_type_nm": "단리",
    "save_trm": 6,
    "intr_rate": "2.19",
    "intr_rate2": "2.29"
  }
},
{
  "model": "fin_products.depositoption",
  "pk": 9037,
  "fields": {
    "deposit_product": 2273,
    "intr_rate_type": "S",
    "intr_rate_type_nm": "단리",
    "save_trm": 12,
    "intr_rate": "2.19",
    "intr_rate2": "2.39"
  }
},
{
  "model": "fin_products.depositoption",
  "pk": 9038,
  "fields": {
    "deposit_product": 2273,
    "intr_rate_type": "S",
    "intr_rate_type_nm": "단리",
    "save_trm": 24,
    "intr_rate": "2.20",
    "intr_rate2": "2.40"
  }
},
{
  "model": "fin_products.depositoption",
  "pk": 9039,
  "fields": {
    "deposit_product": 2273,
    "intr_rate_type": "S",
    "intr_rate_type_nm": "단리",
    "save_trm": 36,
    "intr_rate": "2.15",
    "intr_rate2": "2.35"
  }
},
{
  "model": "fin_products.depositoption",
  "pk": 9040,
  "fields": {
    "deposit_product": 2274,
    "intr_rate_type": "S",
    "intr_rate_type_nm": "단리",
    "save_trm": 12,
    "intr_rate": "2.09",
    "intr_rate2": "2.59"
  }
},
{
  "model": "fin_products.depositoption",
  "pk": 9041,
  "fields": {
    "deposit_product": 2275,
    "intr_rate_type": "S",
    "intr_rate_type_nm": "단리",
    "save_trm": 3,
    "intr_rate": "2.65",
    "intr_rate2": "2.65"
  }
},
{
  "model": "fin_products.depositoption",
  "pk": 9042,
  "fields": {
    "deposit_product": 2275,
    "intr_rate_type": "S",
    "intr_rate_type_nm": "단리",
    "save_trm": 6,
    "intr_rate": "2.60",
    "intr_rate2": "2.60"
  }
},
{
  "model": "fin_products.depositoption",
  "pk": 9043,
  "fields": {
    "deposit_product": 2275,
    "intr_rate_type": "S",
    "intr_rate_type_nm": "단리",
    "save_trm": 12,
    "intr_rate": "2.60",
    "intr_rate2": "2.60"
  }
},
{
  "model": "fin_products.depositoption",
  "pk": 9044,
  "fields": {
    "deposit_product": 2276,
    "intr_rate_type": "S",
    "intr_rate_type_nm": "단리",
    "save_trm": 1,
    "intr_rate": "2.00",
    "intr_rate2": "2.10"
  }
},
{
  "model": "fin_products.depositoption",
  "pk": 9045,
  "fields": {
    "deposit_product": 2276,
    "intr_rate_type": "S",
    "intr_rate_type_nm": "단리",
    "save_trm": 3,
    "intr_rate": "2.10",
    "intr_rate2": "2.20"
  }
},
{
  "model": "fin_products.depositoption",
  "pk": 9046,
  "fields": {
    "deposit_product": 2276,
    "intr_rate_type": "S",
    "intr_rate_type_nm": "단리",
    "save_trm": 6,
    "intr_rate": "2.25",
    "intr_rate2": "2.35"
  }
},
{
  "model": "fin_products.depositoption",
  "pk": 9047,
  "fields": {
    "deposit_product": 2276,
    "intr_rate_type": "S",
    "intr_rate_type_nm": "단리",
    "save_trm": 12,
    "intr_rate": "2.30",
    "intr_rate2": "2.40"
  }
},
{
  "model": "fin_products.depositoption",
  "pk": 9048,
  "fields": {
    "deposit_product": 2276,
    "intr_rate_type": "S",
    "intr_rate_type_nm": "단리",
    "save_trm": 24,
    "intr_rate": "2.20",
    "intr_rate2": "2.30"
  }
},
{
  "model": "fin_products.depositoption",
  "pk": 9049,
  "fields": {
    "deposit_product": 2276,
    "intr_rate_type": "S",
    "intr_rate_type_nm": "단리",
    "save_trm": 36,
    "intr_rate": "2.20",
    "intr_rate2": "2.30"
  }
},
{
  "model": "fin_products.depositoption",
  "pk": 9050,
  "fields": {
    "deposit_product": 2277,
    "intr_rate_type": "S",
    "intr_rate_type_nm": "단리",
    "save_trm": 1,
    "intr_rate": "1.40",
    "intr_rate2": "2.60"
  }
},
{
  "model": "fin_products.depositoption",
  "pk": 9051,
  "fields": {
    "deposit_product": 2277,
    "intr_rate_type": "S",
    "intr_rate_type_nm": "단리",
    "save_trm": 3,
    "intr_rate": "1.70",
    "intr_rate2": "2.65"
  }
},
{
  "model": "fin_products.depositoption",
  "pk": 9052,
  "fields": {
    "deposit_product": 2277,
    "intr_rate_type": "S",
    "intr_rate_type_nm": "단리",
    "save_trm": 6,
    "intr_rate": "1.90",
    "intr_rate2": "2.70"
  }
},
{
  "model": "fin_products.depositoption",
  "pk": 9053,
  "fields": {
    "deposit_product": 2277,
    "intr_rate_type": "S",
    "intr_rate_type_nm": "단리",
    "save_trm": 12,
    "intr_rate": "2.00",
    "intr_rate2": "2.70"
  }
},
{
  "model": "fin_products.depositoption",
  "pk": 9054,
  "fields": {
    "deposit_product": 2277,
    "intr_rate_type": "S",
    "intr_rate_type_nm": "단리",
    "save_trm": 24,
    "intr_rate": "1.85",
    "intr_rate2": "2.50"
  }
},
{
  "model": "fin_products.depositoption",
  "pk": 9055,
  "fields": {
    "deposit_product": 2277,
    "intr_rate_type": "S",
    "intr_rate_type_nm": "단리",
    "save_trm": 36,
    "intr_rate": "1.85",
    "intr_rate2": "2.50"
  }
},
{
  "model": "fin_products.depositoption",
  "pk": 9056,
  "fields": {
    "deposit_product": 2278,
    "intr_rate_type": "S",
    "intr_rate_type_nm": "단리",
    "save_trm": 3,
    "intr_rate": "1.70",
    "intr_rate2": "2.55"
  }
},
{
  "model": "fin_products.depositoption",
  "pk": 9057,
  "fields": {
    "deposit_product": 2278,
    "intr_rate_type": "S",
    "intr_rate_type_nm": "단리",
    "save_trm": 6,
    "intr_rate": "1.80",
    "intr_rate2": "2.60"
  }
},
{
  "model": "fin_products.depositoption",
  "pk": 9058,
  "fields": {
    "deposit_product": 2278,
    "intr_rate_type": "S",
    "intr_rate_type_nm": "단리",
    "save_trm": 12,
    "intr_rate": "1.90",
    "intr_rate2": "2.60"
  }
},
{
  "model": "fin_products.depositoption",
  "pk": 9059,
  "fields": {
    "deposit_product": 2279,
    "intr_rate_type": "S",
    "intr_rate_type_nm": "단리",
    "save_trm": 3,
    "intr_rate": "2.80",
    "intr_rate2": "2.80"
  }
},
{
  "model": "fin_products.depositoption",
  "pk": 9060,
  "fields": {
    "deposit_product": 2279,
    "intr_rate_type": "S",
    "intr_rate_type_nm": "단리",
    "save_trm": 6,
    "intr_rate": "2.80",
    "intr_rate2": "2.80"
  }
},
{
  "model": "fin_products.depositoption",
  "pk": 9061,
  "fields": {
    "deposit_product": 2279,
    "intr_rate_type": "S",
    "intr_rate_type_nm": "단리",
    "save_trm": 12,
    "intr_rate": "2.77",
    "intr_rate2": "2.77"
  }
},
{
  "model": "fin_products.depositoption",
  "pk": 9062,
  "fields": {
    "deposit_product": 2280,
    "intr_rate_type": "S",
    "intr_rate_type_nm": "단리",
    "save_trm": 12,
    "intr_rate": "2.65",
    "intr_rate2": "2.65"
  }
},
{
  "model": "fin_products.depositoption",
  "pk": 9063,
  "fields": {
    "deposit_product": 2280,
    "intr_rate_type": "S",
    "intr_rate_type_nm": "단리",
    "save_trm": 24,
    "intr_rate": null,
    "intr_rate2": "2.75"
  }
},
{
  "model": "fin_products.depositoption",
  "pk": 9064,
  "fields": {
    "deposit_product": 2280,
    "intr_rate_type": "S",
    "intr_rate_type_nm": "단리",
    "save_trm": 36,
    "intr_rate": null,
    "intr_rate2": "2.85"
  }
},
{
  "model": "fin_products.depositoption",
  "pk": 9065,
  "fields": {
    "deposit_product": 2281,
    "intr_rate_type": "S",
    "intr_rate_type_nm": "단리",
    "save_trm": 1,
    "intr_rate": "2.10",
    "intr_rate2": "2.40"
  }
},
{
  "model": "fin_products.depositoption",
  "pk": 9066,
  "fields": {
    "deposit_product": 2281,
    "intr_rate_type": "S",
    "intr_rate_type_nm": "단리",
    "save_trm": 3,
    "intr_rate": "2.55",
    "intr_rate2": "2.85"
  }
},
{
  "model": "fin_products.depositoption",
  "pk": 9067,
  "fields": {
    "deposit_product": 2281,
    "intr_rate_type": "S",
    "intr_rate_type_nm": "단리",
    "save_trm": 6,
    "intr_rate": "2.55",
    "intr_rate2": "2.85"
  }
},
{
  "model": "fin_products.depositoption",
  "pk": 9068,
  "fields": {
    "deposit_product": 2281,
    "intr_rate_type": "S",
    "intr_rate_type_nm": "단리",
    "save_trm": 12,
    "intr_rate": "2.50",
    "intr_rate2": "2.80"
  }
},
{
  "model": "fin_products.depositoption",
  "pk": 9069,
  "fields": {
    "deposit_product": 2282,
    "intr_rate_type": "S",
    "intr_rate_type_nm": "단리",
    "save_trm": 3,
    "intr_rate": "2.10",
    "intr_rate2": "2.60"
  }
},
{
  "model": "fin_products.depositoption",
  "pk": 9070,
  "fields": {
    "deposit_product": 2282,
    "intr_rate_type": "S",
    "intr_rate_type_nm": "단리",
    "save_trm": 6,
    "intr_rate": "2.15",
    "intr_rate2": "2.65"
  }
},
{
  "model": "fin_products.depositoption",
  "pk": 9071,
  "fields": {
    "deposit_product": 2282,
    "intr_rate_type": "S",
    "intr_rate_type_nm": "단리",
    "save_trm": 12,
    "intr_rate": "2.15",
    "intr_rate2": "2.65"
  }
},
{
  "model": "fin_products.depositoption",
  "pk": 9072,
  "fields": {
    "deposit_product": 2282,
    "intr_rate_type": "S",
    "intr_rate_type_nm": "단리",
    "save_trm": 24,
    "intr_rate": "2.15",
    "intr_rate2": "2.65"
  }
},
{
  "model": "fin_products.depositoption",
  "pk": 9073,
  "fields": {
    "deposit_product": 2283,
    "intr_rate_type": "S",
    "intr_rate_type_nm": "단리",
    "save_trm": 3,
    "intr_rate": "2.05",
    "intr_rate2": "2.75"
  }
},
{
  "model": "fin_products.depositoption",
  "pk": 9074,
  "fields": {
    "deposit_product": 2283,
    "intr_rate_type": "S",
    "intr_rate_type_nm": "단리",
    "save_trm": 6,
    "intr_rate": "2.05",
    "intr_rate2": "2.75"
  }
},
{
  "model": "fin_products.depositoption",
  "pk": 9075,
  "fields": {
    "deposit_product": 2283,
    "intr_rate_type": "S",
    "intr_rate_type_nm": "단리",
    "save_trm": 12,
    "intr_rate": "2.00",
    "intr_rate2": "2.75"
  }
},
{
  "model": "fin_products.depositoption",
  "pk": 9076,
  "fields": {
    "deposit_product": 2284,
    "intr_rate_type": "S",
    "intr_rate_type_nm": "단리",
    "save_trm": 12,
    "intr_rate": "2.45",
    "intr_rate2": "2.65"
  }
},
{
  "model": "fin_products.depositoption",
  "pk": 9077,
  "fields": {
    "deposit_product": 2284,
    "intr_rate_type": "S",
    "intr_rate_type_nm": "단리",
    "save_trm": 24,
    "intr_rate": "2.30",
    "intr_rate2": "2.50"
  }
},
{
  "model": "fin_products.depositoption",
  "pk": 9078,
  "fields": {
    "deposit_product": 2284,
    "intr_rate_type": "S",
    "intr_rate_type_nm": "단리",
    "save_trm": 36,
    "intr_rate": "2.25",
    "intr_rate2": "2.45"
  }
},
{
  "model": "fin_products.depositoption",
  "pk": 9079,
  "fields": {
    "deposit_product": 2285,
    "intr_rate_type": "S",
    "intr_rate_type_nm": "단리",
    "save_trm": 6,
    "intr_rate": "2.21",
    "intr_rate2": "2.21"
  }
},
{
  "model": "fin_products.depositoption",
  "pk": 9080,
  "fields": {
    "deposit_product": 2285,
    "intr_rate_type": "S",
    "intr_rate_type_nm": "단리",
    "save_trm": 12,
    "intr_rate": "2.29",
    "intr_rate2": "2.29"
  }
},
{
  "model": "fin_products.depositoption",
  "pk": 9081,
  "fields": {
    "deposit_product": 2285,
    "intr_rate_type": "S",
    "intr_rate_type_nm": "단리",
    "save_trm": 24,
    "intr_rate": "2.21",
    "intr_rate2": "2.21"
  }
},
{
  "model": "fin_products.depositoption",
  "pk": 9082,
  "fields": {
    "deposit_product": 2285,
    "intr_rate_type": "S",
    "intr_rate_type_nm": "단리",
    "save_trm": 36,
    "intr_rate": "2.25",
    "intr_rate2": "2.25"
  }
},
{
  "model": "fin_products.depositoption",
  "pk": 9083,
  "fields": {
    "deposit_product": 2286,
    "intr_rate_type": "S",
    "intr_rate_type_nm": "단리",
    "save_trm": 1,
    "intr_rate": "2.37",
    "intr_rate2": "2.37"
  }
},
{
  "model": "fin_products.depositoption",
  "pk": 9084,
  "fields": {
    "deposit_product": 2286,
    "intr_rate_type": "S",
    "intr_rate_type_nm": "단리",
    "save_trm": 3,
    "intr_rate": "2.35",
    "intr_rate2": "2.35"
  }
},
{
  "model": "fin_products.depositoption",
  "pk": 9085,
  "fields": {
    "deposit_product": 2286,
    "intr_rate_type": "S",
    "intr_rate_type_nm": "단리",
    "save_trm": 6,
    "intr_rate": "2.31",
    "intr_rate2": "2.31"
  }
},
{
  "model": "fin_products.depositoption",
  "pk": 9086,
  "fields": {
    "deposit_product": 2286,
    "intr_rate_type": "S",
    "intr_rate_type_nm": "단리",
    "save_trm": 12,
    "intr_rate": "2.36",
    "intr_rate2": "2.36"
  }
},
{
  "model": "fin_products.depositoption",
  "pk": 9087,
  "fields": {
    "deposit_product": 2287,
    "intr_rate_type": "S",
    "intr_rate_type_nm": "단리",
    "save_trm": 1,
    "intr_rate": "2.60",
    "intr_rate2": "2.60"
  }
},
{
  "model": "fin_products.depositoption",
  "pk": 9088,
  "fields": {
    "deposit_product": 2287,
    "intr_rate_type": "S",
    "intr_rate_type_nm": "단리",
    "save_trm": 3,
    "intr_rate": "2.70",
    "intr_rate2": "2.70"
  }
},
{
  "model": "fin_products.depositoption",
  "pk": 9089,
  "fields": {
    "deposit_product": 2287,
    "intr_rate_type": "S",
    "intr_rate_type_nm": "단리",
    "save_trm": 6,
    "intr_rate": "2.65",
    "intr_rate2": "2.65"
  }
},
{
  "model": "fin_products.depositoption",
  "pk": 9090,
  "fields": {
    "deposit_product": 2287,
    "intr_rate_type": "S",
    "intr_rate_type_nm": "단리",
    "save_trm": 12,
    "intr_rate": "2.60",
    "intr_rate2": "2.60"
  }
},
{
  "model": "fin_products.depositoption",
  "pk": 9091,
  "fields": {
    "deposit_product": 2287,
    "intr_rate_type": "S",
    "intr_rate_type_nm": "단리",
    "save_trm": 24,
    "intr_rate": "2.50",
    "intr_rate2": "2.50"
  }
},
{
  "model": "fin_products.depositoption",
  "pk": 9092,
  "fields": {
    "deposit_product": 2287,
    "intr_rate_type": "S",
    "intr_rate_type_nm": "단리",
    "save_trm": 36,
    "intr_rate": "2.50",
    "intr_rate2": "2.50"
  }
},
{
  "model": "fin_products.depositoption",
  "pk": 9093,
  "fields": {
    "deposit_product": 2288,
    "intr_rate_type": "S",
    "intr_rate_type_nm": "단리",
    "save_trm": 1,
    "intr_rate": "1.80",
    "intr_rate2": "2.60"
  }
},
{
  "model": "fin_products.depositoption",
  "pk": 9094,
  "fields": {
    "deposit_product": 2288,
    "intr_rate_type": "S",
    "intr_rate_type_nm": "단리",
    "save_trm": 3,
    "intr_rate": "2.20",
    "intr_rate2": "2.60"
  }
},
{
  "model": "fin_products.depositoption",
  "pk": 9095,
  "fields": {
    "deposit_product": 2288,
    "intr_rate_type": "S",
    "intr_rate_type_nm": "단리",
    "save_trm": 6,
    "intr_rate": "2.30",
    "intr_rate2": "2.55"
  }
},
{
  "model": "fin_products.depositoption",
  "pk": 9096,
  "fields": {
    "deposit_product": 2288,
    "intr_rate_type": "S",
    "intr_rate_type_nm": "단리",
    "save_trm": 12,
    "intr_rate": "2.40",
    "intr_rate2": "2.55"
  }
},
{
  "model": "fin_products.depositoption",
  "pk": 9097,
  "fields": {
    "deposit_product": 2288,
    "intr_rate_type": "S",
    "intr_rate_type_nm": "단리",
    "save_trm": 24,
    "intr_rate": "2.40",
    "intr_rate2": "2.45"
  }
},
{
  "model": "fin_products.depositoption",
  "pk": 9098,
  "fields": {
    "deposit_product": 2288,
    "intr_rate_type": "S",
    "intr_rate_type_nm": "단리",
    "save_trm": 36,
    "intr_rate": "2.40",
    "intr_rate2": "2.45"
  }
},
{
  "model": "fin_products.depositoption",
  "pk": 9099,
  "fields": {
    "deposit_product": 2289,
    "intr_rate_type": "S",
    "intr_rate_type_nm": "단리",
    "save_trm": 1,
    "intr_rate": "1.80",
    "intr_rate2": "2.60"
  }
},
{
  "model": "fin_products.depositoption",
  "pk": 9100,
  "fields": {
    "deposit_product": 2289,
    "intr_rate_type": "S",
    "intr_rate_type_nm": "단리",
    "save_trm": 3,
    "intr_rate": "2.00",
    "intr_rate2": "2.55"
  }
},
{
  "model": "fin_products.depositoption",
  "pk": 9101,
  "fields": {
    "deposit_product": 2289,
    "intr_rate_type": "S",
    "intr_rate_type_nm": "단리",
    "save_trm": 6,
    "intr_rate": "2.05",
    "intr_rate2": "2.50"
  }
},
{
  "model": "fin_products.depositoption",
  "pk": 9102,
  "fields": {
    "deposit_product": 2289,
    "intr_rate_type": "S",
    "intr_rate_type_nm": "단리",
    "save_trm": 12,
    "intr_rate": "2.15",
    "intr_rate2": "2.55"
  }
},
{
  "model": "fin_products.depositoption",
  "pk": 9103,
  "fields": {
    "deposit_product": 2289,
    "intr_rate_type": "S",
    "intr_rate_type_nm": "단리",
    "save_trm": 24,
    "intr_rate": "2.25",
    "intr_rate2": "2.45"
  }
},
{
  "model": "fin_products.depositoption",
  "pk": 9104,
  "fields": {
    "deposit_product": 2289,
    "intr_rate_type": "S",
    "intr_rate_type_nm": "단리",
    "save_trm": 36,
    "intr_rate": "2.25",
    "intr_rate2": "2.45"
  }
},
{
  "model": "fin_products.depositoption",
  "pk": 9105,
  "fields": {
    "deposit_product": 2290,
    "intr_rate_type": "S",
    "intr_rate_type_nm": "단리",
    "save_trm": 1,
    "intr_rate": "2.55",
    "intr_rate2": "2.65"
  }
},
{
  "model": "fin_products.depositoption",
  "pk": 9106,
  "fields": {
    "deposit_product": 2290,
    "intr_rate_type": "S",
    "intr_rate_type_nm": "단리",
    "save_trm": 3,
    "intr_rate": "2.55",
    "intr_rate2": "2.65"
  }
},
{
  "model": "fin_products.depositoption",
  "pk": 9107,
  "fields": {
    "deposit_product": 2290,
    "intr_rate_type": "S",
    "intr_rate_type_nm": "단리",
    "save_trm": 6,
    "intr_rate": "2.55",
    "intr_rate2": "2.65"
  }
},
{
  "model": "fin_products.depositoption",
  "pk": 9108,
  "fields": {
    "deposit_product": 2290,
    "intr_rate_type": "S",
    "intr_rate_type_nm": "단리",
    "save_trm": 12,
    "intr_rate": "2.55",
    "intr_rate2": "2.65"
  }
},
{
  "model": "fin_products.depositoption",
  "pk": 9109,
  "fields": {
    "deposit_product": 2291,
    "intr_rate_type": "S",
    "intr_rate_type_nm": "단리",
    "save_trm": 12,
    "intr_rate": "2.40",
    "intr_rate2": "2.80"
  }
},
{
  "model": "fin_products.depositoption",
  "pk": 9110,
  "fields": {
    "deposit_product": 2291,
    "intr_rate_type": "S",
    "intr_rate_type_nm": "단리",
    "save_trm": 24,
    "intr_rate": "2.35",
    "intr_rate2": "2.75"
  }
},
{
  "model": "fin_products.depositoption",
  "pk": 9111,
  "fields": {
    "deposit_product": 2291,
    "intr_rate_type": "S",
    "intr_rate_type_nm": "단리",
    "save_trm": 36,
    "intr_rate": "2.30",
    "intr_rate2": "2.70"
  }
},
{
  "model": "fin_products.depositoption",
  "pk": 9112,
  "fields": {
    "deposit_product": 2292,
    "intr_rate_type": "S",
    "intr_rate_type_nm": "단리",
    "save_trm": 1,
    "intr_rate": "2.60",
    "intr_rate2": "2.60"
  }
},
{
  "model": "fin_products.depositoption",
  "pk": 9113,
  "fields": {
    "deposit_product": 2292,
    "intr_rate_type": "S",
    "intr_rate_type_nm": "단리",
    "save_trm": 3,
    "intr_rate": "2.65",
    "intr_rate2": "2.65"
  }
},
{
  "model": "fin_products.depositoption",
  "pk": 9114,
  "fields": {
    "deposit_product": 2292,
    "intr_rate_type": "S",
    "intr_rate_type_nm": "단리",
    "save_trm": 6,
    "intr_rate": "2.65",
    "intr_rate2": "2.65"
  }
},
{
  "model": "fin_products.depositoption",
  "pk": 9115,
  "fields": {
    "deposit_product": 2292,
    "intr_rate_type": "S",
    "intr_rate_type_nm": "단리",
    "save_trm": 12,
    "intr_rate": "2.65",
    "intr_rate2": "2.65"
  }
},
{
  "model": "fin_products.depositoption",
  "pk": 9116,
  "fields": {
    "deposit_product": 2292,
    "intr_rate_type": "S",
    "intr_rate_type_nm": "단리",
    "save_trm": 24,
    "intr_rate": "2.48",
    "intr_rate2": "2.48"
  }
},
{
  "model": "fin_products.depositoption",
  "pk": 9117,
  "fields": {
    "deposit_product": 2292,
    "intr_rate_type": "S",
    "intr_rate_type_nm": "단리",
    "save_trm": 36,
    "intr_rate": "2.48",
    "intr_rate2": "2.48"
  }
},
{
  "model": "fin_products.depositoption",
  "pk": 9118,
  "fields": {
    "deposit_product": 2293,
    "intr_rate_type": "S",
    "intr_rate_type_nm": "단리",
    "save_trm": 12,
    "intr_rate": "2.40",
    "intr_rate2": "3.10"
  }
},
{
  "model": "fin_products.depositoption",
  "pk": 9119,
  "fields": {
    "deposit_product": 2294,
    "intr_rate_type": "S",
    "intr_rate_type_nm": "단리",
    "save_trm": 1,
    "intr_rate": "1.80",
    "intr_rate2": "2.60"
  }
},
{
  "model": "fin_products.depositoption",
  "pk": 9120,
  "fields": {
    "deposit_product": 2294,
    "intr_rate_type": "S",
    "intr_rate_type_nm": "단리",
    "save_trm": 3,
    "intr_rate": "2.00",
    "intr_rate2": "2.65"
  }
},
{
  "model": "fin_products.depositoption",
  "pk": 9121,
  "fields": {
    "deposit_product": 2294,
    "intr_rate_type": "S",
    "intr_rate_type_nm": "단리",
    "save_trm": 6,
    "intr_rate": "2.10",
    "intr_rate2": "2.60"
  }
},
{
  "model": "fin_products.depositoption",
  "pk": 9122,
  "fields": {
    "deposit_product": 2294,
    "intr_rate_type": "S",
    "intr_rate_type_nm": "단리",
    "save_trm": 12,
    "intr_rate": "2.20",
    "intr_rate2": "2.60"
  }
},
{
  "model": "fin_products.depositoption",
  "pk": 9123,
  "fields": {
    "deposit_product": 2294,
    "intr_rate_type": "S",
    "intr_rate_type_nm": "단리",
    "save_trm": 24,
    "intr_rate": "2.20",
    "intr_rate2": "2.50"
  }
},
{
  "model": "fin_products.depositoption",
  "pk": 9124,
  "fields": {
    "deposit_product": 2294,
    "intr_rate_type": "S",
    "intr_rate_type_nm": "단리",
    "save_trm": 36,
    "intr_rate": "2.20",
    "intr_rate2": "2.50"
  }
},
{
  "model": "fin_products.depositoption",
  "pk": 9125,
  "fields": {
    "deposit_product": 2295,
    "intr_rate_type": "S",
    "intr_rate_type_nm": "단리",
    "save_trm": 1,
    "intr_rate": "2.60",
    "intr_rate2": "2.60"
  }
},
{
  "model": "fin_products.depositoption",
  "pk": 9126,
  "fields": {
    "deposit_product": 2295,
    "intr_rate_type": "S",
    "intr_rate_type_nm": "단리",
    "save_trm": 3,
    "intr_rate": "2.70",
    "intr_rate2": "2.70"
  }
},
{
  "model": "fin_products.depositoption",
  "pk": 9127,
  "fields": {
    "deposit_product": 2295,
    "intr_rate_type": "S",
    "intr_rate_type_nm": "단리",
    "save_trm": 6,
    "intr_rate": "2.70",
    "intr_rate2": "2.70"
  }
},
{
  "model": "fin_products.depositoption",
  "pk": 9128,
  "fields": {
    "deposit_product": 2295,
    "intr_rate_type": "S",
    "intr_rate_type_nm": "단리",
    "save_trm": 12,
    "intr_rate": "2.80",
    "intr_rate2": "2.80"
  }
},
{
  "model": "fin_products.depositoption",
  "pk": 9129,
  "fields": {
    "deposit_product": 2295,
    "intr_rate_type": "S",
    "intr_rate_type_nm": "단리",
    "save_trm": 24,
    "intr_rate": "2.50",
    "intr_rate2": "2.50"
  }
},
{
  "model": "fin_products.depositoption",
  "pk": 9130,
  "fields": {
    "deposit_product": 2295,
    "intr_rate_type": "S",
    "intr_rate_type_nm": "단리",
    "save_trm": 36,
    "intr_rate": "2.50",
    "intr_rate2": "2.50"
  }
},
{
  "model": "fin_products.depositoption",
  "pk": 9131,
  "fields": {
    "deposit_product": 2296,
    "intr_rate_type": "S",
    "intr_rate_type_nm": "단리",
    "save_trm": 12,
    "intr_rate": "2.10",
    "intr_rate2": "2.50"
  }
},
{
  "model": "fin_products.depositoption",
  "pk": 9132,
  "fields": {
    "deposit_product": 2297,
    "intr_rate_type": "S",
    "intr_rate_type_nm": "단리",
    "save_trm": 6,
    "intr_rate": "2.35",
    "intr_rate2": "2.70"
  }
},
{
  "model": "fin_products.depositoption",
  "pk": 9133,
  "fields": {
    "deposit_product": 2297,
    "intr_rate_type": "S",
    "intr_rate_type_nm": "단리",
    "save_trm": 12,
    "intr_rate": "2.35",
    "intr_rate2": "2.70"
  }
},
{
  "model": "fin_products.depositoption",
  "pk": 9134,
  "fields": {
    "deposit_product": 2298,
    "intr_rate_type": "S",
    "intr_rate_type_nm": "단리",
    "save_trm": 3,
    "intr_rate": "2.67",
    "intr_rate2": "2.67"
  }
},
{
  "model": "fin_products.depositoption",
  "pk": 9135,
  "fields": {
    "deposit_product": 2298,
    "intr_rate_type": "S",
    "intr_rate_type_nm": "단리",
    "save_trm": 6,
    "intr_rate": "2.72",
    "intr_rate2": "2.72"
  }
},
{
  "model": "fin_products.depositoption",
  "pk": 9136,
  "fields": {
    "deposit_product": 2298,
    "intr_rate_type": "S",
    "intr_rate_type_nm": "단리",
    "save_trm": 12,
    "intr_rate": "2.72",
    "intr_rate2": "2.72"
  }
},
{
  "model": "fin_products.depositoption",
  "pk": 9137,
  "fields": {
    "deposit_product": 2299,
    "intr_rate_type": "S",
    "intr_rate_type_nm": "단리",
    "save_trm": 12,
    "intr_rate": "2.05",
    "intr_rate2": "3.10"
  }
},
{
  "model": "fin_products.depositoption",
  "pk": 9138,
  "fields": {
    "deposit_product": 2300,
    "intr_rate_type": "S",
    "intr_rate_type_nm": "단리",
    "save_trm": 1,
    "intr_rate": "2.60",
    "intr_rate2": "2.60"
  }
},
{
  "model": "fin_products.depositoption",
  "pk": 9139,
  "fields": {
    "deposit_product": 2300,
    "intr_rate_type": "S",
    "intr_rate_type_nm": "단리",
    "save_trm": 3,
    "intr_rate": "2.70",
    "intr_rate2": "2.70"
  }
},
{
  "model": "fin_products.depositoption",
  "pk": 9140,
  "fields": {
    "deposit_product": 2300,
    "intr_rate_type": "S",
    "intr_rate_type_nm": "단리",
    "save_trm": 6,
    "intr_rate": "2.65",
    "intr_rate2": "2.65"
  }
},
{
  "model": "fin_products.depositoption",
  "pk": 9141,
  "fields": {
    "deposit_product": 2300,
    "intr_rate_type": "S",
    "intr_rate_type_nm": "단리",
    "save_trm": 12,
    "intr_rate": "2.70",
    "intr_rate2": "2.70"
  }
},
{
  "model": "fin_products.depositoption",
  "pk": 9142,
  "fields": {
    "deposit_product": 2300,
    "intr_rate_type": "S",
    "intr_rate_type_nm": "단리",
    "save_trm": 24,
    "intr_rate": "2.50",
    "intr_rate2": "2.50"
  }
},
{
  "model": "fin_products.depositoption",
  "pk": 9143,
  "fields": {
    "deposit_product": 2300,
    "intr_rate_type": "S",
    "intr_rate_type_nm": "단리",
    "save_trm": 36,
    "intr_rate": "2.50",
    "intr_rate2": "2.50"
  }
},
{
  "model": "fin_products.depositoption",
  "pk": 9144,
  "fields": {
    "deposit_product": 2301,
    "intr_rate_type": "S",
    "intr_rate_type_nm": "단리",
    "save_trm": 3,
    "intr_rate": "2.50",
    "intr_rate2": "2.50"
  }
},
{
  "model": "fin_products.depositoption",
  "pk": 9145,
  "fields": {
    "deposit_product": 2301,
    "intr_rate_type": "S",
    "intr_rate_type_nm": "단리",
    "save_trm": 6,
    "intr_rate": "2.50",
    "intr_rate2": "2.50"
  }
},
{
  "model": "fin_products.savingsproduct",
  "pk": 3249,
  "fields": {
    "dcls_month": "202505",
    "fin_co_no": "0010001",
    "kor_co_nm": "우리은행",
    "fin_prdt_cd": "WR0001F",
    "fin_prdt_nm": "우리SUPER주거래적금",
    "join_way": "영업점,인터넷,스마트폰,전화(텔레뱅킹)",
    "mtrt_int": "만기 후\n- 1개월이내 : 만기시점약정이율×50%\n- 1개월초과 6개월이내: 만기시점약정이율×30%\n- 6개월초과 : 만기시점약정이율×20%\n\n※ 만기시점 약정이율 : 일반정기적금 금리",
    "spcl_cnd": "1. 거래실적인정기간동안 입출식계좌에서 아래 각실적이 있는 월 수가 계약기간의 1/2이상인경우\n가. 급여연금이체:연 0.7%p\n나. 공과금자동이체출금 실적 :0.3%p\n다. 카드결제금액 10만원이상 출금 :연 0.3%p\n2. 상품서비스 마케팅 동의 항목 중 전화및 SMS항목을 모두 동의, 만기해지시점까지 유지:연 0.1%p\n3. 금리우대쿠폰을 적용한 경우",
    "join_deny": "1",
    "join_member": "실명의 개인",
    "etc_note": "1. 가입기간 : 1년/2년/3년\n2. 가입금액 : 월 50만원 이내",
    "max_limit": null,
    "dcls_strt_day": "20250520",
    "dcls_end_day": null,
    "fin_co_subm_day": "202505201055",
    "created_at": "2025-05-27T18:33:55.271Z"
  }
},
{
  "model": "fin_products.savingsproduct",
  "pk": 3250,
  "fields": {
    "dcls_month": "202505",
    "fin_co_no": "0010001",
    "kor_co_nm": "우리은행",
    "fin_prdt_cd": "WR0001L",
    "fin_prdt_nm": "WON적금",
    "join_way": "스마트폰,전화(텔레뱅킹)",
    "mtrt_int": "만기 후\n- 1개월이내 : 만기시점약정이율×50%\n- 1개월초과 6개월이내: 만기시점약정이율×30%\n- 6개월초과 : 만기시점약정이율×20%\n\n※ 만기시점 약정이율 : 일반정기적금 금리",
    "spcl_cnd": "1. 아래 각 항(가, 나)의 조건을 충족하는 경우 합산 최대 연 0.2%p 우대\n가. 이 적금을 우리꿈통장, WON통장에 연결하여 가입하는 경우 : 0.1%p\n나. 우리 오픈뱅킹 서비스에 타행계좌가 등록되어 있는 경우 : 연 0.1%p",
    "join_deny": "1",
    "join_member": "실명의 개인",
    "etc_note": "1. 가입기간 : 1년\n2. 가입금액 : 월 50만원 이내",
    "max_limit": null,
    "dcls_strt_day": "20250520",
    "dcls_end_day": null,
    "fin_co_subm_day": "202505201055",
    "created_at": "2025-05-27T18:33:55.327Z"
  }
},
{
  "model": "fin_products.savingsproduct",
  "pk": 3251,
  "fields": {
    "dcls_month": "202505",
    "fin_co_no": "0010002",
    "kor_co_nm": "한국스탠다드차타드은행",
    "fin_prdt_cd": "00266451",
    "fin_prdt_nm": "퍼스트가계적금",
    "join_way": "영업점,인터넷,스마트폰",
    "mtrt_int": "만기 후 1개월: 약정이율의 50%\n만기 후 1개월 초과 1년 이내: 약정이율의 30%\n만기 후 1년 초과: 약정이율의 10%",
    "spcl_cnd": "없음",
    "join_deny": "1",
    "join_member": "개인(개인사업자 포함)",
    "etc_note": "해당없음",
    "max_limit": 10000000,
    "dcls_strt_day": "20250520",
    "dcls_end_day": "99991231",
    "fin_co_subm_day": "202505201135",
    "created_at": "2025-05-27T18:33:55.352Z"
  }
},
{
  "model": "fin_products.savingsproduct",
  "pk": 3252,
  "fields": {
    "dcls_month": "202505",
    "fin_co_no": "0010016",
    "kor_co_nm": "아이엠뱅크",
    "fin_prdt_cd": "10521001000846001",
    "fin_prdt_nm": "내손안에 적금",
    "join_way": "스마트폰",
    "mtrt_int": "만기 후 1개월 미만 경과: 약정이자율 x 50%\n만기 후 3개월 미만 경과: 약정이자율 x 25%\n만기 후 3개월 이상 경과: 약정이자율 x 10%",
    "spcl_cnd": "* 최고우대금리 : 연0.55%p\n - 당행 인터넷/모바일뱅킹을 통하여 최초로 적립식예금 가입 시 : 연0.20%p\n - 상품 가입 전 최근 3개월 이내 당행 인터넷/모바일뱅킹을 통한 이체거래 3회 이상 : 연0.10%p\n- 상품 가입 전 수수료우대 통장 보유 고객 : 연0.20%p\n* 해당 상품을 모바일뱅킹을 통해 가입 : 연0.05%p",
    "join_deny": "1",
    "join_member": "실명의 개인",
    "etc_note": "1계좌당 가입한도 : 월 100만원(최저 10만원 이상)",
    "max_limit": 1000000,
    "dcls_strt_day": "20250520",
    "dcls_end_day": null,
    "fin_co_subm_day": "202505200932",
    "created_at": "2025-05-27T18:33:55.412Z"
  }
},
{
  "model": "fin_products.savingsproduct",
  "pk": 3253,
  "fields": {
    "dcls_month": "202505",
    "fin_co_no": "0010016",
    "kor_co_nm": "아이엠뱅크",
    "fin_prdt_cd": "10527001000925000",
    "fin_prdt_nm": "영플러스적금",
    "join_way": "영업점,인터넷,스마트폰",
    "mtrt_int": "만기 후 1개월 미만 경과: 약정이자율 x 50%\n만기 후 3개월 미만 경과: 약정이자율 x 25%\n만기 후 3개월 이상 경과: 약정이자율 x 10%",
    "spcl_cnd": "* 최고우대금리 : 연0.55%p\n- 상품 가입 전 영플러스통장 보유 또는 재예치일 기준 영플러스통장 전월 평잔 10만원 이상 : 연0.10%p\n- 예금기간 중 입금횟수 10회 이상 : 연0.10%p\n- 입학 및 졸업 축하금리 : 연0.30%p\n* 해당 상품을 인터넷/모바일뱅킹을 통해 가입 : 연0.05%p",
    "join_deny": "3",
    "join_member": "만 29세 이하 실명의 개인",
    "etc_note": "1계좌당 가입한도 : 월 50만원(최저 1만원 이상)",
    "max_limit": 500000,
    "dcls_strt_day": "20250520",
    "dcls_end_day": null,
    "fin_co_subm_day": "202505200932",
    "created_at": "2025-05-27T18:33:55.439Z"
  }
},
{
  "model": "fin_products.savingsproduct",
  "pk": 3254,
  "fields": {
    "dcls_month": "202505",
    "fin_co_no": "0010016",
    "kor_co_nm": "아이엠뱅크",
    "fin_prdt_cd": "10527001001272000",
    "fin_prdt_nm": "내가만든 보너스적금",
    "join_way": "영업점,인터넷,스마트폰",
    "mtrt_int": "만기 후 1개월 미만 경과: 약정이자율 x 50%\n만기 후 3개월 미만 경과: 약정이자율 x 25%\n만기 후 3개월 이상 경과: 약정이자율 x 10%",
    "spcl_cnd": "* 최고우대금리 : 연0.80%p\n - 인터넷/모바일뱅킹으로 신규 : 연0.20%p\n - 상품 가입 전 마케팅활용[개인(신용)정보수집이용동의] 전체 동의 : 연0.20%p\n(계약기간 1년인 경우 만기일 기준)\n - 당행 계좌로 자동이체 8회 이상 입금 : 연0.20%p\n - 원금합계 100만원 이상 : 연0.10%p 또는 원금합계 200만원 이상 : 연0.20%p",
    "join_deny": "1",
    "join_member": "실명의 개인",
    "etc_note": "1계좌당 가입한도 : 월20만원\n(최저 1만원 이상)",
    "max_limit": 200000,
    "dcls_strt_day": "20250520",
    "dcls_end_day": null,
    "fin_co_subm_day": "202505200932",
    "created_at": "2025-05-27T18:33:55.450Z"
  }
},
{
  "model": "fin_products.savingsproduct",
  "pk": 3255,
  "fields": {
    "dcls_month": "202505",
    "fin_co_no": "0010016",
    "kor_co_nm": "아이엠뱅크",
    "fin_prdt_cd": "10527001001278000",
    "fin_prdt_nm": "iM스마트적금",
    "join_way": "인터넷,스마트폰",
    "mtrt_int": "만기 후 1개월 미만 경과: 약정이자율 x 50%\n만기 후 3개월 미만 경과: 약정이자율 x 25%\n만기 후 3개월 이상 경과: 약정이자율 x 10%",
    "spcl_cnd": "* 최고우대금리 : 연0.45%p\n- 가입일로부터 3개월 이내 1가지 이상 요건 충족시 : 연0.20%p\n① 당행 주택청약종합저축 보유\n② 당행 신용(체크)카드 결제실적 보유(결제금액 출금기준)\n- 전체 계약월수 중 1/2이상 당행 계좌에서 자동이체 납입 시 : 연0.20%p\n* 해당 상품을 인터넷/모바일뱅킹을 통해 가입 : 연0.05%p",
    "join_deny": "1",
    "join_member": "실명의 개인",
    "etc_note": "1계좌당 가입한도 : 월 100만원(최저 5만원 이상)",
    "max_limit": 1000000,
    "dcls_strt_day": "20250520",
    "dcls_end_day": null,
    "fin_co_subm_day": "202505200932",
    "created_at": "2025-05-27T18:33:55.469Z"
  }
},
{
  "model": "fin_products.savingsproduct",
  "pk": 3256,
  "fields": {
    "dcls_month": "202505",
    "fin_co_no": "0010017",
    "kor_co_nm": "부산은행",
    "fin_prdt_cd": "01020400490002",
    "fin_prdt_nm": "펫 적금",
    "join_way": "영업점,스마트폰",
    "mtrt_int": "- 만기후 1년이내:가입기간별 일반정기적금 기본이율 x 50%\n- 만기후 1년초과:가입기간별 일반정기적금 기본이율 x 20%",
    "spcl_cnd": "*우대이율 6개월제 최대 0.55%, 12개월제 최대 0.90%",
    "join_deny": "1",
    "join_member": "실명의 개인고객(1인 1계좌)",
    "etc_note": "1. 가입한도: 월 1만원 이상 50만원 이하 원단위\n2. 정기적립식",
    "max_limit": 500000,
    "dcls_strt_day": "20250520",
    "dcls_end_day": null,
    "fin_co_subm_day": "202505200947",
    "created_at": "2025-05-27T18:33:55.500Z"
  }
},
{
  "model": "fin_products.savingsproduct",
  "pk": 3257,
  "fields": {
    "dcls_month": "202505",
    "fin_co_no": "0010017",
    "kor_co_nm": "부산은행",
    "fin_prdt_cd": "01020400510001",
    "fin_prdt_nm": "저탄소 실천\n적금",
    "join_way": "영업점,인터넷,스마트폰",
    "mtrt_int": "- 만기후 1년이내:가입기간별 일반정기적금 기본이율 x 50%\n- 만기후 1년초과:가입기간별 일반정기적금 기본이율 x 20%",
    "spcl_cnd": "조건 달성여부에 따라 우대금리 적용\n*개인형 우대이율: 최대0.5%\n*기업형(개인사업자 및 법인)우대이율: 최대0.4%",
    "join_deny": "1",
    "join_member": "제한없음",
    "etc_note": "1. 가입한도: 월 1만원 이상 1천만원 이하 원단위 (월 1천만원 이하 불입 가능)\n2. 자유적립식",
    "max_limit": 10000000,
    "dcls_strt_day": "20250520",
    "dcls_end_day": null,
    "fin_co_subm_day": "202505200947",
    "created_at": "2025-05-27T18:33:55.518Z"
  }
},
{
  "model": "fin_products.savingsproduct",
  "pk": 3258,
  "fields": {
    "dcls_month": "202505",
    "fin_co_no": "0010017",
    "kor_co_nm": "부산은행",
    "fin_prdt_cd": "01020400530001",
    "fin_prdt_nm": "BNK내맘대로 \n적금",
    "join_way": "영업점,인터넷,스마트폰",
    "mtrt_int": "- 만기후 1년이내:가입기간별 일반정기적금 기본이율 x 50%\n- 만기후 1년초과:가입기간별 일반정기적금 기본이율 x 20%",
    "spcl_cnd": "*우대이율 최대 0.2%\n- 신규시 우대이율 0.05% 및 해지시 우대이율 최대 0.15%",
    "join_deny": "1",
    "join_member": "제한없음",
    "etc_note": "1. 가입금액 :\n   1천원 이상\n2. 가입기간 : \n6개월 이상 60개월 이하(일단위)",
    "max_limit": null,
    "dcls_strt_day": "20250520",
    "dcls_end_day": null,
    "fin_co_subm_day": "202505200947",
    "created_at": "2025-05-27T18:33:55.560Z"
  }
},
{
  "model": "fin_products.savingsproduct",
  "pk": 3259,
  "fields": {
    "dcls_month": "202505",
    "fin_co_no": "0010017",
    "kor_co_nm": "부산은행",
    "fin_prdt_cd": "01020400660001",
    "fin_prdt_nm": "부산이라 좋다\nBig적금",
    "join_way": "스마트폰",
    "mtrt_int": "- 만기후 1년이내:가입기간별 일반정기적금 기본이율 x 50%\n- 만기후 1년초과:가입기간별 일반정기적금 기본이율 x 20%",
    "spcl_cnd": "*우대이율 6개월 미만 최대2.00%, 6개월 이상 2.20%",
    "join_deny": "1",
    "join_member": "실명의 개인고객(1인 1계좌)",
    "etc_note": "1. 가입한도: 월 1천원 이상 100만원 이하 원단위\n2. 자유적립식",
    "max_limit": 1000000,
    "dcls_strt_day": "20250520",
    "dcls_end_day": null,
    "fin_co_subm_day": "202505200947",
    "created_at": "2025-05-27T18:33:55.593Z"
  }
},
{
  "model": "fin_products.savingsproduct",
  "pk": 3260,
  "fields": {
    "dcls_month": "202505",
    "fin_co_no": "0010019",
    "kor_co_nm": "광주은행",
    "fin_prdt_cd": "TD11330029000",
    "fin_prdt_nm": "해피라이프_여행스케치적금V",
    "join_way": "영업점,스마트폰",
    "mtrt_int": "*만기후 1개월 이내: 만기일 당시 최초 가입 기간별 고시금리의 1/2 \n*만기후 1개월 초과: 0.1%",
    "spcl_cnd": "▶ 최고우대금리 1.20%p  \n①해피라이프_여행스케치외화적금V 동일자가입 0.5%p \n②해지원금 기준 500만원이상 : 최고0.2%p\n③신용(체크)카드사용실적300만원이상:최고 0.3%p\n④개인(신용)정보 동의: 0.2%p",
    "join_deny": "1",
    "join_member": "제한없음(단,국가및지방자치단체제외)",
    "etc_note": "1. 가입기간 : 6개월이상 3년제\n2. 가입금액 : 월5만원 이상 5백만원 이하 (1인1계좌)",
    "max_limit": 5000000,
    "dcls_strt_day": "20250520",
    "dcls_end_day": null,
    "fin_co_subm_day": "202505201114",
    "created_at": "2025-05-27T18:33:55.621Z"
  }
},
{
  "model": "fin_products.savingsproduct",
  "pk": 3261,
  "fields": {
    "dcls_month": "202505",
    "fin_co_no": "0010019",
    "kor_co_nm": "광주은행",
    "fin_prdt_cd": "TD11330030000",
    "fin_prdt_nm": "여행스케치_남도투어적금",
    "join_way": "영업점,스마트폰",
    "mtrt_int": "만기후 1개월 이내: 만기일 당시 최초 가입 기간별 고시금리의 1/2 \n만기후 1개월 초과: 0.1%",
    "spcl_cnd": "▶ 최고우대금리 1.9%p \n①예금가입일~만기일전일까지 당행이선정한 전라남도 관광지 방문 인증시 : 최고 1.5%p\n②신용(체크)카드사용실적300만원이상:최고 0.3%p\n③개인(신용)정보 동의: 0.1%p",
    "join_deny": "1",
    "join_member": "만14세이상 개인 및 개인사업자",
    "etc_note": "1. 가입기간 :12개월제,18개월제\n2. 가입금액 : 월 5만원 이상 1백만원 이하 (1인1계좌)\n※ 18개월 정액식 기본금리 3.3%, 최고금리 5.2%",
    "max_limit": 1000000,
    "dcls_strt_day": "20250520",
    "dcls_end_day": null,
    "fin_co_subm_day": "202505201114",
    "created_at": "2025-05-27T18:33:55.671Z"
  }
},
{
  "model": "fin_products.savingsproduct",
  "pk": 3262,
  "fields": {
    "dcls_month": "202505",
    "fin_co_no": "0010019",
    "kor_co_nm": "광주은행",
    "fin_prdt_cd": "TD11330031000",
    "fin_prdt_nm": "VIP플러스적금",
    "join_way": "영업점,인터넷,스마트폰",
    "mtrt_int": "*만기후 1개월 이내: 만기일 당시 최초 가입 기간별 고시금리의 1/2 \n*만기후 1개월 초과: 0.1%",
    "spcl_cnd": "▶ 최고우대금리 0.50%p  \n①이 예금가입시 VIP고객이거나 가입일 이후부터 만기일전일까지 VIP고객에 선정된 경험이 있는 경우 : 0.3%p \n②이 예금 가입일에 정기예금 500만원이상(만기 1년이상) 가입하고 만기일 전일까지 유지한 경우 : 0.2%p",
    "join_deny": "1",
    "join_member": "실명의 개인",
    "etc_note": "1. 가입기간 : 1년제\n2. 가입금액 : 월10만원 이상 5백만원 이하 (1인1계좌)",
    "max_limit": 5000000,
    "dcls_strt_day": "20250520",
    "dcls_end_day": null,
    "fin_co_subm_day": "202505201114",
    "created_at": "2025-05-27T18:33:55.688Z"
  }
},
{
  "model": "fin_products.savingsproduct",
  "pk": 3263,
  "fields": {
    "dcls_month": "202505",
    "fin_co_no": "0010020",
    "kor_co_nm": "제주은행",
    "fin_prdt_cd": "220002101",
    "fin_prdt_nm": "jbank 저금통적금",
    "join_way": "인터넷,스마트폰",
    "mtrt_int": "- 만기후 1개월 이내 : (일반)정기적금 기본이자율의 50%\n(단, 최저금리 0.1%)\n- 만기후 1개월 초과 3개월 이내 : (일반)정기적금 기본이자율의 25%\n(단, 최저금리 0.1%)\n- 만기후 3개월 초과 : 0.1%",
    "spcl_cnd": "* 거래조건에 따라 최고 2.1%p 우대금리 적용\n① 자투리 출금계좌 평잔 50만원 이상 유지 : 0.8%p\n② 첫거래고객 or JBANK저금통적금 1개월 내 재신규 : 0.5%p\n③ 신규가입 시점에서 적금 목표금액 최소 30만원 이상 설정하고, 적금 신규일로부터 3개월 내 잔액이 목표금액 이상인 경우 :0.5%p\n④ 추천인 우대금리 : 0.30%p",
    "join_deny": "1",
    "join_member": "개인 및 개인사업자",
    "etc_note": "월 납입한도 50만원 이하",
    "max_limit": 500000,
    "dcls_strt_day": "20250520",
    "dcls_end_day": null,
    "fin_co_subm_day": "202505201433",
    "created_at": "2025-05-27T18:33:55.704Z"
  }
},
{
  "model": "fin_products.savingsproduct",
  "pk": 3264,
  "fields": {
    "dcls_month": "202505",
    "fin_co_no": "0010020",
    "kor_co_nm": "제주은행",
    "fin_prdt_cd": "220002501",
    "fin_prdt_nm": "MZ 플랜적금",
    "join_way": "영업점,인터넷,스마트폰",
    "mtrt_int": "- 만기후 1개월 이내 : (일반)정기적금 기본이자율의 50%\n(단, 최저금리 0.1%)\n- 만기후 1개월 초과 3개월 이내 : (일반)정기적금 기본이자율의 25%\n(단, 최저금리 0.1%)\n- 만기후 3개월 초과 : 0.1%",
    "spcl_cnd": "①매월 1회이상 지속적 납입시:1년제: 0.50%\n② 목표 금액 달성:0.50%\n③ 신용카드,체크카드 합산 사용액 월10만원 이상 사용: 0.50%\n* 청년이니까응원합니다 이벤트 : 0.50%",
    "join_deny": "1",
    "join_member": "개인 및 개인사업자",
    "etc_note": "월 납입한도 30만원 이하",
    "max_limit": 300000,
    "dcls_strt_day": "20250520",
    "dcls_end_day": null,
    "fin_co_subm_day": "202505201433",
    "created_at": "2025-05-27T18:33:55.721Z"
  }
},
{
  "model": "fin_products.savingsproduct",
  "pk": 3265,
  "fields": {
    "dcls_month": "202505",
    "fin_co_no": "0010020",
    "kor_co_nm": "제주은행",
    "fin_prdt_cd": "220002701",
    "fin_prdt_nm": "탐이나요적금",
    "join_way": "인터넷,스마트폰",
    "mtrt_int": "- 만기후 1개월 이내 : (일반)정기적금 기본이자율의 50%\n(단, 최저금리 0.1%)\n- 만기후 1개월 초과 3개월 이내 : (일반)정기적금 기본이자율의 25%\n(단, 최저금리 0.1%)\n- 만기후 3개월 초과 : 0.1%",
    "spcl_cnd": "우대요건 충족시 최고 2.7%p 추가 우대(만기시 제공)매월 JBANK로그인 시 0.2%,한 가지라도 수행시 2.5% 제공①추천인 코드로 3명 이상 가입시 ②탐나는전 체크카드 월30만원 이상 사용 유지 ③탐나는전 선불카드 충전계좌를 당행 입출금계좌로 등록 후 평잔 50만원 이상 유지 시",
    "join_deny": "1",
    "join_member": "개인 및 개인사업자",
    "etc_note": "월 납입한도 100만원 이하",
    "max_limit": 1000000,
    "dcls_strt_day": "20250520",
    "dcls_end_day": null,
    "fin_co_subm_day": "202505201433",
    "created_at": "2025-05-27T18:33:55.738Z"
  }
},
{
  "model": "fin_products.savingsproduct",
  "pk": 3266,
  "fields": {
    "dcls_month": "202505",
    "fin_co_no": "0010022",
    "kor_co_nm": "전북은행",
    "fin_prdt_cd": "10-01-30-031-0018-0000",
    "fin_prdt_nm": "JB 다이렉트적금(자유적립식)",
    "join_way": "인터넷,스마트폰",
    "mtrt_int": "√만기후 1개월이내 경과분 : 만기일 현재 계약기간별 정기적금(자유적립식) 실행이율의 1/2\n√만기후 1개월초과 경과분 : 연 0.1%",
    "spcl_cnd": "추가우대금리 :\n당행 계좌간 자동이체를 통해 이 예금으로 자동이체 된 금액에 0.1% 금리 우대",
    "join_deny": "1",
    "join_member": "실명의 개인 및 개인사업자(임의단체 제외)",
    "etc_note": "1. 초회불입금 1만원이상, 1인당 월별 최고 1천만원이내\n2. 만기직전 1개월간 적립합계는 이전기간 적립금액을 초과할 수 없음\n3. 인터넷뱅킹/스마트폰뱅킹 가입상품",
    "max_limit": 10000000,
    "dcls_strt_day": "20250520",
    "dcls_end_day": null,
    "fin_co_subm_day": "202505201147",
    "created_at": "2025-05-27T18:33:55.755Z"
  }
},
{
  "model": "fin_products.savingsproduct",
  "pk": 3267,
  "fields": {
    "dcls_month": "202505",
    "fin_co_no": "0010022",
    "kor_co_nm": "전북은행",
    "fin_prdt_cd": "10-01-30-031-0036",
    "fin_prdt_nm": "JB 다이렉트적금(정액적립식)",
    "join_way": "인터넷,스마트폰",
    "mtrt_int": "√만기후 1개월이내 경과분 : 만기일 현재 계약기간별 정기적금(정액적립식) 실행이율의 1/2\n√만기후 1개월초과 경과분 : 연 0.1%",
    "spcl_cnd": "추가우대금리 :\n당행 계좌간 자동이체를 통해 6회이상 입금한 경우 \n연 0.1% 금리우대",
    "join_deny": "1",
    "join_member": "실명의 개인 및 개인사업자(임의단체 제외)",
    "etc_note": "1. 초회불입금 1만원이상, 1인당 월별 최고 5백만원이내\n2. 인터넷뱅킹/스마트폰뱅킹 가입상품",
    "max_limit": 5000000,
    "dcls_strt_day": "20250520",
    "dcls_end_day": null,
    "fin_co_subm_day": "202505201147",
    "created_at": "2025-05-27T18:33:55.784Z"
  }
},
{
  "model": "fin_products.savingsproduct",
  "pk": 3268,
  "fields": {
    "dcls_month": "202505",
    "fin_co_no": "0010024",
    "kor_co_nm": "경남은행",
    "fin_prdt_cd": "21000111",
    "fin_prdt_nm": "행복 DREAM 적금",
    "join_way": "영업점,인터넷,스마트폰",
    "mtrt_int": "만기후 1개월 이내: 일반정기예금 기본이율의 50%\n만기후 1개월 초과: 일반정기예금 기본이율의 20%",
    "spcl_cnd": "①신규일로부터 6개월전까지 당행 적금 미보유 0.2%\n②월부금이 50만원 이상인 경우 0.20%\n③이 예금을 자동이체로 납입하는 경우 0.2%\n④신규일로부터 익월 말일까지 신용(체크)카드를 최초로 발급하고 동 기간내에 10만원이상 이용실적이 있는경우 0.2%\n⑤이 예금 가입전 경남은행 마케팅동의가 되어있는경우 0.2%",
    "join_deny": "1",
    "join_member": "실명의 개인 및 개인사업자",
    "etc_note": "1. 계약기간은 1년 이상 3년 이하 월단위로 한다.\n2. 적립금액은 5만원 이상, 최고금액은 제한없음",
    "max_limit": 999999999,
    "dcls_strt_day": "20250520",
    "dcls_end_day": "99991231",
    "fin_co_subm_day": "202505201017",
    "created_at": "2025-05-27T18:33:55.820Z"
  }
},
{
  "model": "fin_products.savingsproduct",
  "pk": 3269,
  "fields": {
    "dcls_month": "202505",
    "fin_co_no": "0010024",
    "kor_co_nm": "경남은행",
    "fin_prdt_cd": "21001116",
    "fin_prdt_nm": "BNK더조은자유적금",
    "join_way": "인터넷,스마트폰",
    "mtrt_int": "만기후 1개월 이내: 일반정기예금 기본이율의 50%\n만기후 1개월 초과: 일반정기예금 기본이율의 20%",
    "spcl_cnd": "①오픈뱅킹서비스 가입 0.20%(만기까지 유지)\n②당행 입출금통장에서 자동이체시 입금건별 0.20%\n③이 상품 신규시 금리우대쿠폰을 등록할 경우 0.30%",
    "join_deny": "1",
    "join_member": "거래대상자는 제한을 두지 아니한다. 다만, 국가 및 지방자치단체는 이 예금을 거래할 수 없다.",
    "etc_note": "1. 계약기간은 6개월 이상 2년 이내 월단위로 한다.\n2. 초입금 1만원 이상 월별 500만원 이내에서 자유롭게 저축\n3. 최대 저축횟수는 999회 이내",
    "max_limit": 5000000,
    "dcls_strt_day": "20250520",
    "dcls_end_day": "99991231",
    "fin_co_subm_day": "202505201017",
    "created_at": "2025-05-27T18:33:55.865Z"
  }
},
{
  "model": "fin_products.savingsproduct",
  "pk": 3270,
  "fields": {
    "dcls_month": "202505",
    "fin_co_no": "0010024",
    "kor_co_nm": "경남은행",
    "fin_prdt_cd": "21001199",
    "fin_prdt_nm": "BNK 위더스자유적금",
    "join_way": "영업점,인터넷,스마트폰,기타",
    "mtrt_int": "만기후 1개월 이내: 일반정기예금 기본이율의 50%\n만기후 1개월 초과: 일반정기예금 기본이율의 20%",
    "spcl_cnd": "①ESG 실천 우대금리 1.00%\n②신규고객 우대금리 1.00%\n- 당행 1년 이내예적금(청약포함)신규해지 이력미보유\n③마케팅동의우대금리 0.50%",
    "join_deny": "1",
    "join_member": "실명의 개인 및 개인사업자",
    "etc_note": "1.계약기간은 1개월 이상 36개월 이하 월단위로 한다.\n2..1인 1계좌로 가입가능\n2.매월 최소 1만원 이상, 최고 월 100만원 이하 (천원 단위)",
    "max_limit": 1000000,
    "dcls_strt_day": "20250520",
    "dcls_end_day": "99991231",
    "fin_co_subm_day": "202505201017",
    "created_at": "2025-05-27T18:33:55.894Z"
  }
},
{
  "model": "fin_products.savingsproduct",
  "pk": 3271,
  "fields": {
    "dcls_month": "202505",
    "fin_co_no": "0010024",
    "kor_co_nm": "경남은행",
    "fin_prdt_cd": "21001236",
    "fin_prdt_nm": "주거래 프리미엄 적금",
    "join_way": "영업점,인터넷,스마트폰",
    "mtrt_int": "만기후 1개월 이내: 일반정기예금 기본이율의 50%\n만기후 1개월 초과: 일반정기예금 기본이율의 20%",
    "spcl_cnd": "①주거래우대 0.50%\n②공과금 자동이체 0.40~0.60%\n③신규고객 0.20%\n④주택청약종합저축 보유 0.10%\n⑤ 전자명함을 통한 신규 시 0.2%",
    "join_deny": "1",
    "join_member": "실명의 개인 및 개인사업자",
    "etc_note": "1.계악기간은 1년제, 2년제, 3년제로 한다.\n2. 적립금액은 매월 1만원이상, 최고금액은 제한없음",
    "max_limit": 999999999,
    "dcls_strt_day": "20250520",
    "dcls_end_day": "99991231",
    "fin_co_subm_day": "202505201017",
    "created_at": "2025-05-27T18:33:55.937Z"
  }
},
{
  "model": "fin_products.savingsproduct",
  "pk": 3272,
  "fields": {
    "dcls_month": "202505",
    "fin_co_no": "0010024",
    "kor_co_nm": "경남은행",
    "fin_prdt_cd": "21001259",
    "fin_prdt_nm": "오늘도세이브적금",
    "join_way": "인터넷,스마트폰,기타",
    "mtrt_int": "만기후 1개월 이내: 일반정기예금 기본이율의 50%\n만기후 1개월 초과: 일반정기예금 기본이율의 20%",
    "spcl_cnd": "①마케팅동의 0.15%\n②목돈마련 축하이율 0.30~1.00%\n③친구 추천번호 0.30~0.60%",
    "join_deny": "1",
    "join_member": "실명의 개인 및 개인사업자",
    "etc_note": "1. 계약기간은 1개월 이상 6개월 이내 월단위로 한다.\n2. 초입금 일 1천원 이상 10만원 이하 자유롭게 저축\n3. 최대 저축횟수는 999회 이내",
    "max_limit": 100000,
    "dcls_strt_day": "20250520",
    "dcls_end_day": "99991231",
    "fin_co_subm_day": "202505201017",
    "created_at": "2025-05-27T18:33:55.963Z"
  }
},
{
  "model": "fin_products.savingsproduct",
  "pk": 3273,
  "fields": {
    "dcls_month": "202505",
    "fin_co_no": "0010024",
    "kor_co_nm": "경남은행",
    "fin_prdt_cd": "21001284",
    "fin_prdt_nm": "사장님 걱정 ZERO 자유적금",
    "join_way": "영업점,스마트폰",
    "mtrt_int": "만기후 1개월 이내: 일반정기예금 기본이율의 50%\n만기후 1개월 초과: 일반정기예금 기본이율의 20%",
    "spcl_cnd": "①이 예금 가입전 경남은행 마케팅 동의 0.40%\n②가입 전월 경남은행 계좌로 BC,신한,삼성 카드사 가맹점 대금 입금 실적이 모두 없으며, 가입일로부터 만기일 전일까지 BC,신한,삼성 카드사 가맹점 대금 입금실적이 발생한 경우 : 1.00%\n③월별가맹점 대금실적이 있는경우\n1종류 : 0.50%\n2종류 1.00%\n3종류 이상 : 1.80%",
    "join_deny": "1",
    "join_member": "실명의 개인 및 개인사업자",
    "etc_note": "1.계악기간은 1년제로 한다.\n2. 적립금액은 최소 1천원 이상 최대3백만원 이하 1원단위\n3. 최대 저축횟수는 999회 이내",
    "max_limit": 3000000,
    "dcls_strt_day": "20250520",
    "dcls_end_day": "20251231",
    "fin_co_subm_day": "202505201017",
    "created_at": "2025-05-27T18:33:55.986Z"
  }
},
{
  "model": "fin_products.savingsproduct",
  "pk": 3274,
  "fields": {
    "dcls_month": "202505",
    "fin_co_no": "0010026",
    "kor_co_nm": "중소기업은행",
    "fin_prdt_cd": "01211210113",
    "fin_prdt_nm": "IBK D-day적금(자유적립식)",
    "join_way": "스마트폰",
    "mtrt_int": "만기일 당시 정기적금 만기후금리 적용\n- 1개월 이내: 만기일 당시 약정금리x50%\n- 1월 초과 6개월 이내: 만기일 당시 약정금리x30%\n- 6개월 초과: 만기일 당시 약정금리x20%",
    "spcl_cnd": "최고 연 1.5%p\n1. 목표달성 축하금리 : 연 1.0%p\n  - 당행 입출금식 계좌에서 이 적금으로 자동이체를 통해 3회 이상 납입하고 만기일 전일까지 목표금액(신규 시 직접 설정) 이상 납입하는 경우\n2. 최초거래고객 우대금리 : 연 0.5%p",
    "join_deny": "1",
    "join_member": "실명의 개인\n(개인사업자 제외)",
    "etc_note": "1인당 3계좌 가입 가능하며, 계좌당 20만원 이내 납입 가능",
    "max_limit": 600000,
    "dcls_strt_day": "20250520",
    "dcls_end_day": null,
    "fin_co_subm_day": "202505201048",
    "created_at": "2025-05-27T18:33:55.998Z"
  }
},
{
  "model": "fin_products.savingsproduct",
  "pk": 3275,
  "fields": {
    "dcls_month": "202505",
    "fin_co_no": "0010026",
    "kor_co_nm": "중소기업은행",
    "fin_prdt_cd": "01211210121",
    "fin_prdt_nm": "IBK탄소제로적금(자유적립식)",
    "join_way": "스마트폰",
    "mtrt_int": "만기일 당시 정기적금 만기후금리 적용\n- 1개월 이내: 만기일 당시 약정금리x50%\n- 1월 초과 6개월 이내: 만기일 당시 약정금리x30%\n- 6개월 초과: 만기일 당시 약정금리x20%",
    "spcl_cnd": "최고 연 2.00%p\n1. 에너지 절감 우대금리 : 최대 연 1.00%p\n2. 최초거래고객 우대금리 : 연 0.50%p\n3. 지로 또는 공과금 자동이체 우대금리 : 연 0.50%p",
    "join_deny": "1",
    "join_member": "실명의 개인\n(개인사업자 제외)",
    "etc_note": "1인당 1계좌 가입 가능하며, 계좌당 최소 1만원 이상 1백만원까지 납입 가능",
    "max_limit": 1000000,
    "dcls_strt_day": "20250520",
    "dcls_end_day": null,
    "fin_co_subm_day": "202505201048",
    "created_at": "2025-05-27T18:33:56.027Z"
  }
},
{
  "model": "fin_products.savingsproduct",
  "pk": 3276,
  "fields": {
    "dcls_month": "202505",
    "fin_co_no": "0010026",
    "kor_co_nm": "중소기업은행",
    "fin_prdt_cd": "01211210122",
    "fin_prdt_nm": "IBK중기근로자우대적금\n(자유적립식)",
    "join_way": "영업점,스마트폰",
    "mtrt_int": "만기일 당시 정기적금 만기후금리 적용\n- 1개월 이내: 만기일 당시 약정금리x50%\n- 1월 초과 6개월 이내: 만기일 당시 약정금리x30%\n- 6개월 초과: 만기일 당시 약정금리x20%",
    "spcl_cnd": "최고 연 2.20%p\n1. 가입시점 중소기업 근로자로 확인된 경우 : 재직기간에 따라 최고 연 1.2%p\n2. 당행 급여이체 실적(월50만원 이상) 6개월 이상\n   인 경우 : 연 1.0%p",
    "join_deny": "3",
    "join_member": "중소기업에서 근무하는\n실명의 개인\n(개인사업자 제외)",
    "etc_note": "1인당 1계좌 가입 가능하며, 계좌당 100만원까지 납입 가능",
    "max_limit": 1000000,
    "dcls_strt_day": "20250520",
    "dcls_end_day": null,
    "fin_co_subm_day": "202505201048",
    "created_at": "2025-05-27T18:33:56.039Z"
  }
},
{
  "model": "fin_products.savingsproduct",
  "pk": 3277,
  "fields": {
    "dcls_month": "202505",
    "fin_co_no": "0010026",
    "kor_co_nm": "중소기업은행",
    "fin_prdt_cd": "01211210129",
    "fin_prdt_nm": "IBK모으기통장(자유적립식)",
    "join_way": "영업점,스마트폰",
    "mtrt_int": "만기일 당시 정기적금 만기후금리 적용\n- 1개월 이내: 만기일 당시 약정금리x50%\n- 1월 초과 6개월 이내: 만기일 당시 약정금리x30%\n- 6개월 초과: 만기일 당시 약정금리x20%",
    "spcl_cnd": "최고 연 0.20%p\n1. 자동이체 우대금리 : 연 0.20%p\n- 6개월 이상 12개월 미만 : 3회\n 12개월 이상 24개월 미만 : 6회\n 24개월 이상 36개월 미만 : 12회\n 36개월 : 18회",
    "join_deny": "1",
    "join_member": "실명의 개인\n(개인사업자 제외)",
    "etc_note": "1인당 5계좌 가입 가능하며, 계좌당 최소 1천원 이상 3백만원까지 납입 가능",
    "max_limit": 15000000,
    "dcls_strt_day": "20250520",
    "dcls_end_day": null,
    "fin_co_subm_day": "202505201048",
    "created_at": "2025-05-27T18:33:56.054Z"
  }
},
{
  "model": "fin_products.savingsproduct",
  "pk": 3278,
  "fields": {
    "dcls_month": "202505",
    "fin_co_no": "0010030",
    "kor_co_nm": "한국산업은행",
    "fin_prdt_cd": "03101",
    "fin_prdt_nm": "KDB 기업정기적금",
    "join_way": "영업점,인터넷",
    "mtrt_int": "* 만기후 1년 이내 : 만기일 현재 고시된 일반 정기적금 해당예금기간 기본이율의 1/2\n* 만기후 1년 초과 : 만기일 현재 고시된 보통예금 이율",
    "spcl_cnd": "해당없음",
    "join_deny": "1",
    "join_member": "개인사업자, 조합(비영리법인 포함), 법인",
    "etc_note": "해당없음",
    "max_limit": null,
    "dcls_strt_day": "20250526",
    "dcls_end_day": null,
    "fin_co_subm_day": "202505260937",
    "created_at": "2025-05-27T18:33:56.093Z"
  }
},
{
  "model": "fin_products.savingsproduct",
  "pk": 3279,
  "fields": {
    "dcls_month": "202505",
    "fin_co_no": "0010030",
    "kor_co_nm": "한국산업은행",
    "fin_prdt_cd": "03700",
    "fin_prdt_nm": "KDB 자유적금",
    "join_way": "영업점,인터넷,스마트폰",
    "mtrt_int": "* 만기후 1년 이내 : 만기일 현재 고시된 일반 정기적금 해당예금기간 기본이율의 1/2\n* 만기후 1년 초과 : 만기일 현재 고시된 보통예금 이율",
    "spcl_cnd": "해당없음",
    "join_deny": "1",
    "join_member": "개인, 개인사업자, 임의단체",
    "etc_note": "해당없음",
    "max_limit": 5000000,
    "dcls_strt_day": "20250526",
    "dcls_end_day": null,
    "fin_co_subm_day": "202505260941",
    "created_at": "2025-05-27T18:33:56.122Z"
  }
},
{
  "model": "fin_products.savingsproduct",
  "pk": 3280,
  "fields": {
    "dcls_month": "202505",
    "fin_co_no": "0010927",
    "kor_co_nm": "국민은행",
    "fin_prdt_cd": "010200100051",
    "fin_prdt_nm": "KB국민프리미엄적금(정액)",
    "join_way": "영업점,인터넷,스마트폰,전화(텔레뱅킹)",
    "mtrt_int": "- 1개월 이내 : 기본이율 X 50%\n- 1개월 초과  ~ 3개월 이내 : 기본이율 X 30%\n- 3개월 초과 : 0.1%",
    "spcl_cnd": "① 단체가입/나라사랑/쿠폰 우대이율: \n    1년: 연 0.6%p, 2년: 연 0.7%p,\n    3년: 연 0.9%p, 5년: 연 1.0%p \n   (중복적용되지 않음, 계약기간별차등적용)\n② 교차거래 우대이율: 연 0.3%p",
    "join_deny": "1",
    "join_member": "실명의 개인",
    "etc_note": "1인 1계좌",
    "max_limit": null,
    "dcls_strt_day": "20250520",
    "dcls_end_day": null,
    "fin_co_subm_day": "202505201148",
    "created_at": "2025-05-27T18:33:56.171Z"
  }
},
{
  "model": "fin_products.savingsproduct",
  "pk": 3281,
  "fields": {
    "dcls_month": "202505",
    "fin_co_no": "0010927",
    "kor_co_nm": "국민은행",
    "fin_prdt_cd": "010200100070",
    "fin_prdt_nm": "KB내맘대로적금",
    "join_way": "인터넷,스마트폰",
    "mtrt_int": "- 1개월 이내 : 기본이율 X 50%\n- 1개월 초과  ~ 3개월 이내 : 기본이율 X 30%\n- 3개월 초과 : 0.1%",
    "spcl_cnd": "신규 시 다음의 9가지 우대이율 항목 중 6가지를 자유롭게 선택하고, 아래 우대이율 적용조건 충족 시 항목 당 각 연0.1%p의 우대이율 적용\n(최고 연0.6%p)\n - 우대이율 항목 : 급여이체, 카드결제계좌, 자동이체 저축, 아파트관리비 이체, KB스타뱅킹 이체, 장기거래, 첫 거래, 주택청약종합저축, 소중한 날",
    "join_deny": "1",
    "join_member": "실명의 개인 또는 개인사업자",
    "etc_note": "인터넷뱅킹/KB스타뱅킹 전용상품",
    "max_limit": null,
    "dcls_strt_day": "20250520",
    "dcls_end_day": null,
    "fin_co_subm_day": "202505201148",
    "created_at": "2025-05-27T18:33:56.194Z"
  }
},
{
  "model": "fin_products.savingsproduct",
  "pk": 3282,
  "fields": {
    "dcls_month": "202505",
    "fin_co_no": "0010927",
    "kor_co_nm": "국민은행",
    "fin_prdt_cd": "010200100084",
    "fin_prdt_nm": "KB맑은하늘적금",
    "join_way": "영업점,인터넷,스마트폰",
    "mtrt_int": "- 1개월 이내 : 기본이율 X 50%\n- 1개월 초과  ~ 3개월 이내 : 기본이율 X 30%\n- 3개월 초과 : 0.1%",
    "spcl_cnd": "맑은하늘을 위한 미션별 제공조건을 달성하는 경우 각 미션별 우대이율 제공\n - 1년제 최고 연 0.8%p, 2년제 최고 연 0.9%p, 3년제 최고 연 1.0%p\n① 종이통장 줄이기 미션: 연 0.1%p\n② 종이서식 줄이기 미션: 연 0.2%p\n③ 대중교통 미션: 1년제 연 0.4%p, 2년제 연 0.5%p, 3년제 연 0.6%p\n④ 퀴즈미션: 연 0.1%p",
    "join_deny": "1",
    "join_member": "실명의 개인",
    "etc_note": "공동명의 불가\n(1인 최대 3계좌)",
    "max_limit": null,
    "dcls_strt_day": "20250520",
    "dcls_end_day": null,
    "fin_co_subm_day": "202505201148",
    "created_at": "2025-05-27T18:33:56.222Z"
  }
},
{
  "model": "fin_products.savingsproduct",
  "pk": 3283,
  "fields": {
    "dcls_month": "202505",
    "fin_co_no": "0010927",
    "kor_co_nm": "국민은행",
    "fin_prdt_cd": "010200100104",
    "fin_prdt_nm": "KB 특★한 적금",
    "join_way": "스마트폰",
    "mtrt_int": "- 1개월 이내 : 기본이율 X 50%\n- 1개월 초과  ~ 3개월 이내 : 기본이율 X 30%\n- 3개월 초과 : 0.1%",
    "spcl_cnd": "항목별 적용 조건 충족시, 최고 연 4.0%p\n① 목표달성 축하 우대이율: 최고 연 1.0%p\n    50만원 이하: 연 0.5%p, 50만원 초과: 연 1.0%p \n② 별 모으기 우대이율 : 최고 연 1.0%p\n    10개: 연 0.5%p, 20개: 연 1.0%p\n③ 함께해요 우대이율: 최고 연 2.0%p",
    "join_deny": "1",
    "join_member": "실명의 개인",
    "etc_note": "개인사업자, 임의단체 및\n공동명의 가입 불가\n(1인 최대 3계좌)",
    "max_limit": null,
    "dcls_strt_day": "20250520",
    "dcls_end_day": null,
    "fin_co_subm_day": "202505201148",
    "created_at": "2025-05-27T18:33:56.243Z"
  }
},
{
  "model": "fin_products.savingsproduct",
  "pk": 3284,
  "fields": {
    "dcls_month": "202505",
    "fin_co_no": "0011625",
    "kor_co_nm": "신한은행",
    "fin_prdt_cd": "230-0119-85",
    "fin_prdt_nm": "신한 알.쏠 적금",
    "join_way": "영업점,스마트폰",
    "mtrt_int": "-1개월 이하:(일반) 정기적금 기본금리 1/2\n(단, 최저금리 0.10%)\n-1개월 초과~6개월 이하: (일반) 정기적금 기본금리의 1/4\n(단, 최저금리 0.10%)\n-6개월 초과 0.10%",
    "spcl_cnd": "※가산금리 최고 연 1.30%\n- 소득이체 : 연 0.6%\n- 카드이용 : 연 0.3%\n- 오픈뱅킹 : 연 0.6%\n- 청약보유 : 연 0.3%\n- 마케팅동의 : 연 0.1%\n※ 우대금리 항목별 자세한 적용 조건은 상품설명서 참조",
    "join_deny": "1",
    "join_member": "제한없음",
    "etc_note": "1. 가입한도: \n월300만원 이하\n2. 1인 다계좌",
    "max_limit": 3000000,
    "dcls_strt_day": "20250520",
    "dcls_end_day": null,
    "fin_co_subm_day": "202505201019",
    "created_at": "2025-05-27T18:33:56.264Z"
  }
},
{
  "model": "fin_products.savingsproduct",
  "pk": 3285,
  "fields": {
    "dcls_month": "202505",
    "fin_co_no": "0013175",
    "kor_co_nm": "농협은행주식회사",
    "fin_prdt_cd": "10-047-1360-0002",
    "fin_prdt_nm": "NH올원e 미니적금",
    "join_way": "스마트폰",
    "mtrt_int": "만기후 1년 이내 : 만기시점 계약기간별 자유로우대적금 기본금리의 1/2\n만기후 1년 초과 : 보통예금 금리",
    "spcl_cnd": "1. 자동이체 입금횟수 우대금리 : 최고 0.5%p\n - 5회이상 : 0.2%p, 10회이상 : 0.3%p, 15회이상 0.5%p\n2. 목표금액 달성 축하금리  : 0.5%p\n3. MZ세대(만 19~34세)) 우대금리 : 0.5%p\n4. 직전 1년간 당행 예적금(청약포함) 미보유 고객 : 0.2%p",
    "join_deny": "1",
    "join_member": "개인",
    "etc_note": "가입기간 1개월 이상 6개월 이하(일 단위)\n\n초입금 및 매일 1천원이상  5만원이내(천원 단위)",
    "max_limit": 1550000,
    "dcls_strt_day": "20250527",
    "dcls_end_day": null,
    "fin_co_subm_day": "202505270921",
    "created_at": "2025-05-27T18:33:56.297Z"
  }
},
{
  "model": "fin_products.savingsproduct",
  "pk": 3286,
  "fields": {
    "dcls_month": "202505",
    "fin_co_no": "0013175",
    "kor_co_nm": "농협은행주식회사",
    "fin_prdt_cd": "10-047-1365-0001",
    "fin_prdt_nm": "NH1934월복리적금",
    "join_way": "영업점,인터넷,스마트폰",
    "mtrt_int": "만기후 1년 이내 : 만기시점 계약기간별 기본금리의 1/2\n만기후 1년 초과 : 보통예금 금리",
    "spcl_cnd": "1. 급여실적 : 1.0%p (①/② 중복 적용 불가)\n ① 급여이체 실적 : 1.0%p\n ② 개인사업자 계좌 실적 :1.0%p\n2. 비대면 채널 이체 실적 : 0.3%p\n3. 마케팅 동의 : 0.2%p\n4. 농업계고 및 청년농부사관학교 졸업자 : 2.0%p",
    "join_deny": "3",
    "join_member": "만19세~만34세 개인 및 개인사업자",
    "etc_note": "초입금 및 매회 1만원 이상, 월 50만원 이내 자유적립\n\n급여이체 실적과 개인사업자 계좌 실적 우대금리는 중복 적용 불가\n\n * 급여입금실적 인정기준\n  - 가입기간 12개월 이하 : 3개월 이상 급여이체\n  - 가입기간 24개월 이하 : 12개월 이상 급여이체",
    "max_limit": 500000,
    "dcls_strt_day": "20250527",
    "dcls_end_day": null,
    "fin_co_subm_day": "202505270921",
    "created_at": "2025-05-27T18:33:56.319Z"
  }
},
{
  "model": "fin_products.savingsproduct",
  "pk": 3287,
  "fields": {
    "dcls_month": "202505",
    "fin_co_no": "0013175",
    "kor_co_nm": "농협은행주식회사",
    "fin_prdt_cd": "10-047-1381-0001",
    "fin_prdt_nm": "NH내가Green초록세상적금",
    "join_way": "영업점,인터넷,스마트폰",
    "mtrt_int": "만기후 1년 이내 : 만기시점 계약기간별 기본금리의 1/2\n만기후 1년 초과 : 보통예금 금리",
    "spcl_cnd": "※ 우대금리 최대한도 : 1.0%p(연%, 세전)\n1. 온실가스 줄이기 실천서약서 동의 : 0.1%p\n2. 통장미발급 : 0.3%p\n3. 손하나로인증 서비스 등록 : 0.2%p\n4. 대중교통이용 : 0.2%p\n5. NH내가Green초록세상예금 동시 보유 : 0.2%p",
    "join_deny": "1",
    "join_member": "개인",
    "etc_note": "초입금5만원 이상 및 매회 1만원 이상, 매월50만원이내\n(단, 만기일 전 3개월 이내에는 이전 적립금 합계액을 초과하여 입금불가)\n\n※자세한 사항은 상품설명서 참조",
    "max_limit": 500000,
    "dcls_strt_day": "20250527",
    "dcls_end_day": null,
    "fin_co_subm_day": "202505270921",
    "created_at": "2025-05-27T18:33:56.350Z"
  }
},
{
  "model": "fin_products.savingsproduct",
  "pk": 3288,
  "fields": {
    "dcls_month": "202505",
    "fin_co_no": "0013175",
    "kor_co_nm": "농협은행주식회사",
    "fin_prdt_cd": "10-047-1387-0001",
    "fin_prdt_nm": "NH고향사랑기부적금",
    "join_way": "영업점,인터넷,스마트폰",
    "mtrt_int": "만기후 1년 이내 : 만기시점 계약기간별 기본금리의 1/2\n만기후 1년 초과 : 보통예금 금리",
    "spcl_cnd": "1. 고향사랑기부금 납부고객 우대 : 0.5%p\n\n2-1. 만 65세 이상 고령자 우대 : 0.1%p\n2-2. 만 19~34세 MZ고객 우대 : 0.3%p\n\n3. 고향사랑특별금리 : 0.1%p(금리시장상황에 따라 변동 가능)\n - 고향사랑특별금리는 상품 가입고객 모두에게 적용",
    "join_deny": "1",
    "join_member": "개인",
    "etc_note": "1.초입금1만원 이상 및 매회 1천원 이상, 매월50만원이내\n\n2. 고향사랑기부금 우대금리는 농협은행/농축협 영업점 또는 고향사랑e음 홈페이지를 통한 고향사랑기부금 납부실적이 확인되는 경우 제공\n\n3. 연간 판매액의 0.1% 공익기금 적립\n\n※자세한 사항은 상품설명서 참조",
    "max_limit": 500000,
    "dcls_strt_day": "20250527",
    "dcls_end_day": null,
    "fin_co_subm_day": "202505270921",
    "created_at": "2025-05-27T18:33:56.375Z"
  }
},
{
  "model": "fin_products.savingsproduct",
  "pk": 3289,
  "fields": {
    "dcls_month": "202505",
    "fin_co_no": "0013175",
    "kor_co_nm": "농협은행주식회사",
    "fin_prdt_cd": "10-059-1264-0001",
    "fin_prdt_nm": "NH직장인월복리적금",
    "join_way": "영업점,인터넷,스마트폰",
    "mtrt_int": "만기후 3개월 이내 : 만기시점 국고채 1년물 금리\n만기후 1년 이내 : 만기시점 채움적금 계약기간별 고시금리의 50%\n만기후 1년 초과 : 만기시점 보통예금 금리",
    "spcl_cnd": "1. 급여입금실적 보유 고객 중\n - 가입기간 중 3개월 이상 급여이체시 : 0.3%p\n - 주택청약종합저축 또는 펀드가입 : 0.2%p\n - NH채움카드 결제실적 1백만원 이상 : 0.2%p\n2. 인터넷(스마트)뱅킹 또는 올원뱅크로 가입 : 0.1%p",
    "join_deny": "3",
    "join_member": "만18세이상 개인",
    "etc_note": "초입금 및 매회 입금 1만원 이상 원 단위,  1인당 분기별 3백만원 이내 적립 가능\n(단,계약기간 3/4 경과 후 적립할 수 있는 금액은 이전 적립누계액의 1/2이내)",
    "max_limit": 3000000,
    "dcls_strt_day": "20250527",
    "dcls_end_day": null,
    "fin_co_subm_day": "202505270921",
    "created_at": "2025-05-27T18:33:56.398Z"
  }
},
{
  "model": "fin_products.savingsproduct",
  "pk": 3290,
  "fields": {
    "dcls_month": "202505",
    "fin_co_no": "0013909",
    "kor_co_nm": "하나은행",
    "fin_prdt_cd": "52",
    "fin_prdt_nm": "주거래하나 월복리적금",
    "join_way": "영업점,인터넷,스마트폰",
    "mtrt_int": "1개월 이내 : 지급당시 해당기간별 일반정기적금 기본금리 1/2\n1개월 초과 : 지급당시 해당기간별 일반정기적금 기본금리 1/4",
    "spcl_cnd": "최고 연1.0%\n- 주거래하나우대(연 0.5%) : 적금만기 전전월말기준 본인명의 당행입출금통장을 통해 계약기간 1/2이상 이체된 주거래실적 1종  - 주거래플러스우대(연 0.9%) : 주거래 하나우대와 동일요건의 거래실적 2종이상 경우 \n- 온라인.재예치우대 연 최대 0.1%",
    "join_deny": "1",
    "join_member": "실명의 개인\n또는 개인사업자",
    "etc_note": "1. 1인 1계좌만 가능\n(급여하나월복리적금,연금하나 월복리적금과 중복가입 불가)\n2. 가입금액 \n - 최저1만원~300만원이하\n3. 적립한도\n 분기당 1만원이상 300만원\n (자유적립식)",
    "max_limit": 3000000,
    "dcls_strt_day": "20250520",
    "dcls_end_day": null,
    "fin_co_subm_day": "202505201001",
    "created_at": "2025-05-27T18:33:56.451Z"
  }
},
{
  "model": "fin_products.savingsproduct",
  "pk": 3291,
  "fields": {
    "dcls_month": "202505",
    "fin_co_no": "0013909",
    "kor_co_nm": "하나은행",
    "fin_prdt_cd": "53",
    "fin_prdt_nm": "내맘적금",
    "join_way": "영업점,인터넷,스마트폰,전화(텔레뱅킹)",
    "mtrt_int": "1개월 이내 : 지급당시 해당기간별 일반정기적금 기본금리 1/2\n1개월 초과 : 지급당시 해당기간별 일반정기적금 기본금리 1/4",
    "spcl_cnd": "하나은행 통장에서 계약기간의 1/2이상 월부금 자동이체실적 충족 시 연 0.50%",
    "join_deny": "1",
    "join_member": "실명의 개인\n또는 개인사업자(1인 다계좌 가능)",
    "etc_note": "1. 1인 다계좌 가능\n2. 가입금액\n   - 1천원 이상~1,000만원 이하(원단위)\n3. 적립한도\n    - 자유적립식 : 매월 1원 이상~1,000만원 이하(원단위)\n    - 정액적립식 : 매월 1천원 이상~1,000만원 이하(원단위)",
    "max_limit": 10000000,
    "dcls_strt_day": "20250520",
    "dcls_end_day": null,
    "fin_co_subm_day": "202505201001",
    "created_at": "2025-05-27T18:33:56.487Z"
  }
},
{
  "model": "fin_products.savingsproduct",
  "pk": 3292,
  "fields": {
    "dcls_month": "202505",
    "fin_co_no": "0014674",
    "kor_co_nm": "주식회사 케이뱅크",
    "fin_prdt_cd": "01012000200000000003",
    "fin_prdt_nm": "코드K 자유적금",
    "join_way": "스마트폰",
    "mtrt_int": "만기 후 \n- 1개월 이내: 만기시점 기본금리 X 50% \n- 1개월 초과 ~ 6개월 이내: 만기시점 기본금리 X 30%\n- 6개월 초과: 연 0.20%",
    "spcl_cnd": "금리우대 코드를 입력하는 경우 우대금리 적용",
    "join_deny": "1",
    "join_member": "만 17세 이상 실명의 개인 및 개인사업자",
    "etc_note": "가입금액: 1만원 이상 30만원 이하\n가입기간: 6개월, 1년, 2년, 3년 \n(1인 최대 15계좌)",
    "max_limit": 300000,
    "dcls_strt_day": "20250520",
    "dcls_end_day": null,
    "fin_co_subm_day": "202505201136",
    "created_at": "2025-05-27T18:33:56.538Z"
  }
},
{
  "model": "fin_products.savingsproduct",
  "pk": 3293,
  "fields": {
    "dcls_month": "202505",
    "fin_co_no": "0014674",
    "kor_co_nm": "주식회사 케이뱅크",
    "fin_prdt_cd": "01012000200000000004",
    "fin_prdt_nm": "궁금한 적금",
    "join_way": "스마트폰",
    "mtrt_int": "만기 후 \n- 1개월 이내: 만기시점 기본금리 X 50% \n- 1개월 초과 ~ 6개월 이내: 만기시점 기본금리 X 30%\n- 6개월 초과: 연 0.20%",
    "spcl_cnd": "입금할 때마다 우대금리를 랜덤으로 제공하며, 입금 시 제공되는 우대금리를 누적으로 합산하여 만기 해지 시 적용 (최고 연 6.0%)",
    "join_deny": "1",
    "join_member": "만 17세 이상 실명의 개인 및 개인사업자",
    "etc_note": "가입금액: 0원\n가입기간: 31일\n(1인 최대 1계좌)\n적립방법 : 연결계좌를 통한 직접 입금만 가능하며, 입금은 신규일부터 만기일 전일까지 1일 1회 가능\n납입금액 : 1일(1회) 최소 100원, 최대 5만원",
    "max_limit": null,
    "dcls_strt_day": "20250520",
    "dcls_end_day": null,
    "fin_co_subm_day": "202505201136",
    "created_at": "2025-05-27T18:33:56.582Z"
  }
},
{
  "model": "fin_products.savingsproduct",
  "pk": 3294,
  "fields": {
    "dcls_month": "202505",
    "fin_co_no": "0014674",
    "kor_co_nm": "주식회사 케이뱅크",
    "fin_prdt_cd": "01012000210000000000",
    "fin_prdt_nm": "주거래우대 자유적금",
    "join_way": "스마트폰",
    "mtrt_int": "만기 후 \n- 1개월 이내: 만기시점 기본금리 X 50% \n- 1개월 초과 ~ 6개월 이내: 만기시점 기본금리 X 30%\n- 6개월 초과: 연 0.20%",
    "spcl_cnd": "급여이체 또는 통신비 자동이체, 체크카드 고객에게 우대금리 제공 (최고 연 0.6%)",
    "join_deny": "1",
    "join_member": "만 17세 이상 실명의 개인 및 개인사업자",
    "etc_note": "가입금액: 1천원 이상 300만원 이하\n가입기간: 6개월 ~ 36개월\n(1인 최대 3계좌)",
    "max_limit": 3000000,
    "dcls_strt_day": "20250520",
    "dcls_end_day": null,
    "fin_co_subm_day": "202505201136",
    "created_at": "2025-05-27T18:33:56.597Z"
  }
},
{
  "model": "fin_products.savingsproduct",
  "pk": 3295,
  "fields": {
    "dcls_month": "202505",
    "fin_co_no": "0014807",
    "kor_co_nm": "수협은행",
    "fin_prdt_cd": "10140114300011",
    "fin_prdt_nm": "Sh해양플라스틱Zero!적금\n(정액적립식)",
    "join_way": "영업점,인터넷,스마트폰",
    "mtrt_int": "* 만기후 1년 이내\n - 만기당시 일반정기적금 \n계약기간별 기본금리 1/2\n* 만기후 1년 초과\n - 만기당시 보통예금 기본금리",
    "spcl_cnd": "* 최대우대금리:0.5%\n1. 해양플라스틱감축서약 : 0.1% (신규시) \n2. 봉사활동 또는 상품홍보 : 0.2% (만기시) \n3. 입출금통장 최초신규 : 0.2% (만기시)\n4. 자동이체 출금실적 : 0.2% (만기시)\n - 수협신용카드 / 당행 펀드 / 수협체크카드\n※단위:연%p",
    "join_deny": "1",
    "join_member": "실명의 개인",
    "etc_note": "- 1인 1계좌 \n- 월 가입한도 : 100만원",
    "max_limit": 1000000,
    "dcls_strt_day": "20250520",
    "dcls_end_day": "99991231",
    "fin_co_subm_day": "202505201034",
    "created_at": "2025-05-27T18:33:56.624Z"
  }
},
{
  "model": "fin_products.savingsproduct",
  "pk": 3296,
  "fields": {
    "dcls_month": "202505",
    "fin_co_no": "0014807",
    "kor_co_nm": "수협은행",
    "fin_prdt_cd": "10141109800021",
    "fin_prdt_nm": "Sh월복리자유적금",
    "join_way": "영업점,인터넷,스마트폰",
    "mtrt_int": "* 만기후 1년 이내\n - 만기당시 상호부금\n계약기간별 기본금리 1/2\n* 만기후 1년 초과\n - 만기당시 보통예금 기본금리",
    "spcl_cnd": "*최대우대금리:0.7%\n-첫거래고객:0.3%\n-카드거래:최대0.3%\n-복수거래:0.1%\n-요구불거래:최대0.2%\n-인터넷뱅킹고객:0.1%\n-자동이체실적:0.1%\n※단위:연%p",
    "join_deny": "1",
    "join_member": "실명의 개인 및 개인사업자",
    "etc_note": "- 1인 1계좌\n- 월 가입한도 : 100만원",
    "max_limit": 1000000,
    "dcls_strt_day": "20250520",
    "dcls_end_day": "99991231",
    "fin_co_subm_day": "202505201034",
    "created_at": "2025-05-27T18:33:56.648Z"
  }
},
{
  "model": "fin_products.savingsproduct",
  "pk": 3297,
  "fields": {
    "dcls_month": "202505",
    "fin_co_no": "0014807",
    "kor_co_nm": "수협은행",
    "fin_prdt_cd": "10141114300011",
    "fin_prdt_nm": "Sh해양플라스틱Zero!적금\n(자유적립식)",
    "join_way": "영업점,인터넷,스마트폰",
    "mtrt_int": "* 만기후 1년 이내\n - 만기당시 상호부금 \n계약기간별 기본금리 1/2\n* 만기후 1년 초과\n - 만기당시 보통예금 기본금리",
    "spcl_cnd": "* 최대우대금리:0.5%\n1. 해양플라스틱감축서약 : 0.1% (신규시) \n2. 봉사활동 또는 상품홍보 : 0.2% (만기시) \n3. 입출금통장 최초신규 : 0.2% (만기시)\n4. 자동이체 출금실적 : 0.2% (만기시)\n - 수협신용카드 / 당행 펀드 / 수협체크카드\n※단위:연%p",
    "join_deny": "1",
    "join_member": "실명의 개인",
    "etc_note": "- 1인 1계좌 \n- 월 가입한도 : 20만원",
    "max_limit": 200000,
    "dcls_strt_day": "20250520",
    "dcls_end_day": "99991231",
    "fin_co_subm_day": "202505201034",
    "created_at": "2025-05-27T18:33:56.681Z"
  }
},
{
  "model": "fin_products.savingsproduct",
  "pk": 3298,
  "fields": {
    "dcls_month": "202505",
    "fin_co_no": "0015130",
    "kor_co_nm": "주식회사 카카오뱅크",
    "fin_prdt_cd": "10-01-30-355-0002",
    "fin_prdt_nm": "카카오뱅크 자유적금",
    "join_way": "스마트폰",
    "mtrt_int": "- 만기 후 1개월 이내 : 가입(또는 자동연장)시점 기본금리x50%\n- 만기 후 1개월초과 3개월 이내 : 가입(또는 자동연장)시점 기본금리x30%\n- 만기 후 3개월 초과 : 0.20%",
    "spcl_cnd": "자동이체시 우대금리 제공 : 연 0.20%p\n - 제공조건 : 전체 계약월수의 1/2이상을 자동이체로 납입하고 만기 해지하는 경우\n - 유의사항 : 만기 자동연장된 원리금은 우대금리를 제공하지 않음",
    "join_deny": "1",
    "join_member": "만 14세 이상의 실명의 개인",
    "etc_note": "1. 가입방법 : 스마트폰\n2. 가입금액 : 1천원 이상(원단위)\n3. 가입기간 : 6개월 이상 ~ 36개월 이하(월, 일단위 지정 가능)\n4. 월 적립한도 : 1천원 이상 월 300만원 이하 원단위(단, 자동연장된 원리금은 월 적립한도에 포함되지 않음)",
    "max_limit": null,
    "dcls_strt_day": "20250520",
    "dcls_end_day": null,
    "fin_co_subm_day": "202505201155",
    "created_at": "2025-05-27T18:33:56.706Z"
  }
},
{
  "model": "fin_products.savingsproduct",
  "pk": 3299,
  "fields": {
    "dcls_month": "202505",
    "fin_co_no": "0015130",
    "kor_co_nm": "주식회사 카카오뱅크",
    "fin_prdt_cd": "10-01-30-355-0005",
    "fin_prdt_nm": "카카오뱅크 26주적금",
    "join_way": "스마트폰",
    "mtrt_int": "- 만기 후 1개월 이내 : 가입시점 기본금리x50%\n- 만기 후 1개월초과 3개월 이내 : 가입시점 기본금리x30%\n- 만기 후 3개월 초과 : 0.20%",
    "spcl_cnd": "자동이체 연속 성공 우대금리 제공 : 최고 연 3.00%p\n- 제공조건\n① 7주차까지 자동이체 납입을 연속 성공하고 만기해지 하는 경우 연 1.00%p 제공\n② 26주차까지 자동이체 납입을 연속 성공하고 만기해지 하는 경우 연 2.00%p 추가 제공\n- 유의사항 : 자동이체 실패한 주차를 빈자리채우기 하여도 성공으로 인정되지 않음",
    "join_deny": "1",
    "join_member": "만 14세 이상의 실명의 개인",
    "etc_note": "1. 가입방법 : 스마트폰\n2. 가입금액 : 1천원, 2천원, 3천원, 5천원, 1만원\n3. 가입기간 : 6개월\n4. 26주적금서비스(자동이체)를 통해서 납입이 가능하며, 그 외의 입금은 모두 제한됨\n(단, 26주적금 서비스를 통한 납입 실패 시 빈자리 채우기로 납입 가능)",
    "max_limit": null,
    "dcls_strt_day": "20250520",
    "dcls_end_day": null,
    "fin_co_subm_day": "202505201155",
    "created_at": "2025-05-27T18:33:56.733Z"
  }
},
{
  "model": "fin_products.savingsproduct",
  "pk": 3300,
  "fields": {
    "dcls_month": "202505",
    "fin_co_no": "0015130",
    "kor_co_nm": "주식회사 카카오뱅크",
    "fin_prdt_cd": "10-01-30-355-0006",
    "fin_prdt_nm": "카카오뱅크 한달적금",
    "join_way": "스마트폰",
    "mtrt_int": "- 만기 후 1개월 이내 : 가입시점 기본금리x50%\n- 만기 후 1개월초과 3개월 이내 : 가입시점 기본금리x30%\n- 만기 후 3개월 초과 : 0.20%",
    "spcl_cnd": "매일/보너스 우대금리 제공 : 최고 연 5.50%p\n- 제공조건\n① 매일 우대금리 : 매 입금 시 마다 연 0.10%p 제공(최대 연 3.10%p)\n② 보너스 우대금리 : 누적하여 5/10/15/20/25/31회 입금 시 해당 우대금리 제공(최대 연 2.40%p)\n- 유의사항 : 만기 해지하는 경우에만 제공",
    "join_deny": "1",
    "join_member": "만 14세 이상의 실명의 개인",
    "etc_note": "1. 가입방법 : 스마트폰\n2. 납입금액 : 1회 100원 이상 3만원 이하(원단위)\n3. 가입기간 : 31일\n4. 직접 납입을 통해서 1일 1회만 입금 가능하며, 그 외의 입금은 모두 제한됨",
    "max_limit": null,
    "dcls_strt_day": "20250520",
    "dcls_end_day": null,
    "fin_co_subm_day": "202505201155",
    "created_at": "2025-05-27T18:33:56.745Z"
  }
},
{
  "model": "fin_products.savingsproduct",
  "pk": 3301,
  "fields": {
    "dcls_month": "202505",
    "fin_co_no": "0017801",
    "kor_co_nm": "토스뱅크 주식회사",
    "fin_prdt_cd": "1001303001001",
    "fin_prdt_nm": "토스뱅크 키워봐요 적금",
    "join_way": "스마트폰",
    "mtrt_int": "· 만기 후 1개월 이내 : 만기시점 기본금리 X 50% \n· 만기 후 1개월 초과 3개월 이내 : 만기시점 기본금리 X 20% \n· 만기 후 3개월 초과 : 연 0.10%",
    "spcl_cnd": "· 적금 가입 시 설정되는 주 단위 자동이체를 통하여 25회 이상 적립한 경우 : 연 2.00% 제공",
    "join_deny": "1",
    "join_member": "· 토스뱅크 통장 또는 토스뱅크 서브 통장을 보유한 실명의 개인",
    "etc_note": "· 1인 1계좌 (단, 이벤트 등으로 토스뱅크가 복수의 계좌개설을 허용하는 경우 추가 개설 가능)\n· 가입금액 : 0원\n· 우대금리는 우대조건을 달성하고 만기 해지하는 경우에만 제공됨",
    "max_limit": 1000000,
    "dcls_strt_day": "20250520",
    "dcls_end_day": "99991231",
    "fin_co_subm_day": "202505201045",
    "created_at": "2025-05-27T18:33:56.756Z"
  }
},
{
  "model": "fin_products.savingsproduct",
  "pk": 3302,
  "fields": {
    "dcls_month": "202505",
    "fin_co_no": "0017801",
    "kor_co_nm": "토스뱅크 주식회사",
    "fin_prdt_cd": "1001303001003",
    "fin_prdt_nm": "토스뱅크 굴비 적금",
    "join_way": "스마트폰",
    "mtrt_int": "· 만기 후 1개월 이내 : 만기시점 기본금리 X 50% \n· 만기 후 1개월 초과 3개월 이내 : 만기시점 기본금리 X 20% \n· 만기 후 3개월 초과 : 연 0.10%",
    "spcl_cnd": "· 만기 해지 시 : 연 2.50% 제공",
    "join_deny": "1",
    "join_member": "· 토스뱅크 통장 또는 토스뱅크 서브 통장을 보유한 실명의 개인",
    "etc_note": "· 1인 1계좌 (단, 이벤트 등으로 토스뱅크가 복수의 계좌개설을 허용하는 경우 추가 개설 가능)\n· 가입금액 : 0원\n· 우대금리는 만기 해지하는 경우에만 제공됨",
    "max_limit": 300000,
    "dcls_strt_day": "20250520",
    "dcls_end_day": "99991231",
    "fin_co_subm_day": "202505201045",
    "created_at": "2025-05-27T18:33:56.766Z"
  }
},
{
  "model": "fin_products.savingsproduct",
  "pk": 3303,
  "fields": {
    "dcls_month": "202505",
    "fin_co_no": "0017801",
    "kor_co_nm": "토스뱅크 주식회사",
    "fin_prdt_cd": "1001303001004",
    "fin_prdt_nm": "토스뱅크 자유 적금",
    "join_way": "스마트폰",
    "mtrt_int": "· 만기 후 1개월 이내 : 만기시점 기본금리 X 50% \n· 만기 후 1개월 초과 3개월 이내 : 만기시점 기본금리 X 20% \n· 만기 후 3개월 초과 : 연 0.10%",
    "spcl_cnd": "· 적금 가입 시 설정되는 월 단위 자동이체를 모두 성공하는 경우 : 연 0.50% 제공",
    "join_deny": "1",
    "join_member": "· 토스뱅크 통장 또는 토스뱅크 서브 통장을 보유한 실명의 개인",
    "etc_note": "· 1인 1계좌 (단, 이벤트 등으로 토스뱅크가 복수의 계좌개설을 허용하는 경우 추가 개설 가능)\n· 가입금액 : 0원 이상 300만원 이하\n· 우대금리는 만기 해지하는 경우에만 제공됨",
    "max_limit": 3000000,
    "dcls_strt_day": "20250520",
    "dcls_end_day": "99991231",
    "fin_co_subm_day": "202505201045",
    "created_at": "2025-05-27T18:33:56.778Z"
  }
},
{
  "model": "fin_products.savingsproduct",
  "pk": 3304,
  "fields": {
    "dcls_month": "202505",
    "fin_co_no": "0017801",
    "kor_co_nm": "토스뱅크 주식회사",
    "fin_prdt_cd": "1001303001005",
    "fin_prdt_nm": "토스뱅크 아이 적금",
    "join_way": "스마트폰",
    "mtrt_int": "· 만기 후 1개월 이내 : 만기시점 기본금리 X 50% \n· 만기 후 1개월 초과 3개월 이내 : 만기시점 기본금리 X 20% \n· 만기 후 3개월 초과 : 연 0.10%",
    "spcl_cnd": "· 적금 가입 시 설정되는 월 단위 자동이체를 모두 성공하는 경우 : 연 2.50% 제공",
    "join_deny": "3",
    "join_member": "· 토스뱅크 아이 통장을 보유한 15세 이하 실명의 개인",
    "etc_note": "· 1인 1계좌 \n· 가입금액 : 0원\n· 우대금리는 만기 해지하는 경우에만 제공됨",
    "max_limit": 200000,
    "dcls_strt_day": "20250520",
    "dcls_end_day": "99991231",
    "fin_co_subm_day": "202505201045",
    "created_at": "2025-05-27T18:33:56.813Z"
  }
},
{
  "model": "fin_products.savingsoption",
  "pk": 10325,
  "fields": {
    "product": 3249,
    "intr_rate_type": "S",
    "intr_rate_type_nm": "단리",
    "rsrv_type": "S",
    "rsrv_type_nm": "정액적립식",
    "save_trm": 12,
    "intr_rate": "2.35",
    "intr_rate2": "3.75"
  }
},
{
  "model": "fin_products.savingsoption",
  "pk": 10326,
  "fields": {
    "product": 3249,
    "intr_rate_type": "S",
    "intr_rate_type_nm": "단리",
    "rsrv_type": "S",
    "rsrv_type_nm": "정액적립식",
    "save_trm": 24,
    "intr_rate": "2.35",
    "intr_rate2": "3.75"
  }
},
{
  "model": "fin_products.savingsoption",
  "pk": 10327,
  "fields": {
    "product": 3249,
    "intr_rate_type": "S",
    "intr_rate_type_nm": "단리",
    "rsrv_type": "S",
    "rsrv_type_nm": "정액적립식",
    "save_trm": 36,
    "intr_rate": "2.35",
    "intr_rate2": "3.75"
  }
},
{
  "model": "fin_products.savingsoption",
  "pk": 10328,
  "fields": {
    "product": 3249,
    "intr_rate_type": "S",
    "intr_rate_type_nm": "단리",
    "rsrv_type": "F",
    "rsrv_type_nm": "자유적립식",
    "save_trm": 12,
    "intr_rate": "2.35",
    "intr_rate2": "3.75"
  }
},
{
  "model": "fin_products.savingsoption",
  "pk": 10329,
  "fields": {
    "product": 3249,
    "intr_rate_type": "S",
    "intr_rate_type_nm": "단리",
    "rsrv_type": "F",
    "rsrv_type_nm": "자유적립식",
    "save_trm": 24,
    "intr_rate": "2.35",
    "intr_rate2": "3.75"
  }
},
{
  "model": "fin_products.savingsoption",
  "pk": 10330,
  "fields": {
    "product": 3249,
    "intr_rate_type": "S",
    "intr_rate_type_nm": "단리",
    "rsrv_type": "F",
    "rsrv_type_nm": "자유적립식",
    "save_trm": 36,
    "intr_rate": "2.35",
    "intr_rate2": "3.75"
  }
},
{
  "model": "fin_products.savingsoption",
  "pk": 10331,
  "fields": {
    "product": 3250,
    "intr_rate_type": "S",
    "intr_rate_type_nm": "단리",
    "rsrv_type": "S",
    "rsrv_type_nm": "정액적립식",
    "save_trm": 12,
    "intr_rate": "3.15",
    "intr_rate2": "3.35"
  }
},
{
  "model": "fin_products.savingsoption",
  "pk": 10332,
  "fields": {
    "product": 3250,
    "intr_rate_type": "S",
    "intr_rate_type_nm": "단리",
    "rsrv_type": "F",
    "rsrv_type_nm": "자유적립식",
    "save_trm": 12,
    "intr_rate": "3.15",
    "intr_rate2": "3.35"
  }
},
{
  "model": "fin_products.savingsoption",
  "pk": 10333,
  "fields": {
    "product": 3251,
    "intr_rate_type": "S",
    "intr_rate_type_nm": "단리",
    "rsrv_type": "F",
    "rsrv_type_nm": "자유적립식",
    "save_trm": 36,
    "intr_rate": "2.85",
    "intr_rate2": "2.85"
  }
},
{
  "model": "fin_products.savingsoption",
  "pk": 10334,
  "fields": {
    "product": 3251,
    "intr_rate_type": "S",
    "intr_rate_type_nm": "단리",
    "rsrv_type": "F",
    "rsrv_type_nm": "자유적립식",
    "save_trm": 24,
    "intr_rate": "2.80",
    "intr_rate2": "2.80"
  }
},
{
  "model": "fin_products.savingsoption",
  "pk": 10335,
  "fields": {
    "product": 3251,
    "intr_rate_type": "S",
    "intr_rate_type_nm": "단리",
    "rsrv_type": "F",
    "rsrv_type_nm": "자유적립식",
    "save_trm": 12,
    "intr_rate": "2.75",
    "intr_rate2": "2.75"
  }
},
{
  "model": "fin_products.savingsoption",
  "pk": 10336,
  "fields": {
    "product": 3251,
    "intr_rate_type": "S",
    "intr_rate_type_nm": "단리",
    "rsrv_type": "F",
    "rsrv_type_nm": "자유적립식",
    "save_trm": 6,
    "intr_rate": "2.50",
    "intr_rate2": "2.50"
  }
},
{
  "model": "fin_products.savingsoption",
  "pk": 10337,
  "fields": {
    "product": 3251,
    "intr_rate_type": "S",
    "intr_rate_type_nm": "단리",
    "rsrv_type": "S",
    "rsrv_type_nm": "정액적립식",
    "save_trm": 36,
    "intr_rate": "3.00",
    "intr_rate2": "3.00"
  }
},
{
  "model": "fin_products.savingsoption",
  "pk": 10338,
  "fields": {
    "product": 3251,
    "intr_rate_type": "S",
    "intr_rate_type_nm": "단리",
    "rsrv_type": "S",
    "rsrv_type_nm": "정액적립식",
    "save_trm": 24,
    "intr_rate": "2.95",
    "intr_rate2": "2.95"
  }
},
{
  "model": "fin_products.savingsoption",
  "pk": 10339,
  "fields": {
    "product": 3251,
    "intr_rate_type": "S",
    "intr_rate_type_nm": "단리",
    "rsrv_type": "S",
    "rsrv_type_nm": "정액적립식",
    "save_trm": 12,
    "intr_rate": "2.90",
    "intr_rate2": "2.90"
  }
},
{
  "model": "fin_products.savingsoption",
  "pk": 10340,
  "fields": {
    "product": 3251,
    "intr_rate_type": "S",
    "intr_rate_type_nm": "단리",
    "rsrv_type": "S",
    "rsrv_type_nm": "정액적립식",
    "save_trm": 6,
    "intr_rate": "2.60",
    "intr_rate2": "2.60"
  }
},
{
  "model": "fin_products.savingsoption",
  "pk": 10341,
  "fields": {
    "product": 3252,
    "intr_rate_type": "S",
    "intr_rate_type_nm": "단리",
    "rsrv_type": "S",
    "rsrv_type_nm": "정액적립식",
    "save_trm": 12,
    "intr_rate": "2.76",
    "intr_rate2": "3.31"
  }
},
{
  "model": "fin_products.savingsoption",
  "pk": 10342,
  "fields": {
    "product": 3252,
    "intr_rate_type": "S",
    "intr_rate_type_nm": "단리",
    "rsrv_type": "S",
    "rsrv_type_nm": "정액적립식",
    "save_trm": 24,
    "intr_rate": "2.63",
    "intr_rate2": "3.18"
  }
},
{
  "model": "fin_products.savingsoption",
  "pk": 10343,
  "fields": {
    "product": 3252,
    "intr_rate_type": "S",
    "intr_rate_type_nm": "단리",
    "rsrv_type": "S",
    "rsrv_type_nm": "정액적립식",
    "save_trm": 36,
    "intr_rate": "2.65",
    "intr_rate2": "3.20"
  }
},
{
  "model": "fin_products.savingsoption",
  "pk": 10344,
  "fields": {
    "product": 3253,
    "intr_rate_type": "S",
    "intr_rate_type_nm": "단리",
    "rsrv_type": "F",
    "rsrv_type_nm": "자유적립식",
    "save_trm": 12,
    "intr_rate": "2.96",
    "intr_rate2": "3.51"
  }
},
{
  "model": "fin_products.savingsoption",
  "pk": 10345,
  "fields": {
    "product": 3254,
    "intr_rate_type": "S",
    "intr_rate_type_nm": "단리",
    "rsrv_type": "F",
    "rsrv_type_nm": "자유적립식",
    "save_trm": 12,
    "intr_rate": "3.10",
    "intr_rate2": "3.90"
  }
},
{
  "model": "fin_products.savingsoption",
  "pk": 10346,
  "fields": {
    "product": 3254,
    "intr_rate_type": "S",
    "intr_rate_type_nm": "단리",
    "rsrv_type": "F",
    "rsrv_type_nm": "자유적립식",
    "save_trm": 6,
    "intr_rate": "2.50",
    "intr_rate2": "3.30"
  }
},
{
  "model": "fin_products.savingsoption",
  "pk": 10347,
  "fields": {
    "product": 3255,
    "intr_rate_type": "S",
    "intr_rate_type_nm": "단리",
    "rsrv_type": "F",
    "rsrv_type_nm": "자유적립식",
    "save_trm": 6,
    "intr_rate": "2.20",
    "intr_rate2": "2.65"
  }
},
{
  "model": "fin_products.savingsoption",
  "pk": 10348,
  "fields": {
    "product": 3255,
    "intr_rate_type": "S",
    "intr_rate_type_nm": "단리",
    "rsrv_type": "F",
    "rsrv_type_nm": "자유적립식",
    "save_trm": 12,
    "intr_rate": "2.75",
    "intr_rate2": "3.20"
  }
},
{
  "model": "fin_products.savingsoption",
  "pk": 10349,
  "fields": {
    "product": 3255,
    "intr_rate_type": "S",
    "intr_rate_type_nm": "단리",
    "rsrv_type": "F",
    "rsrv_type_nm": "자유적립식",
    "save_trm": 24,
    "intr_rate": "2.65",
    "intr_rate2": "3.10"
  }
},
{
  "model": "fin_products.savingsoption",
  "pk": 10350,
  "fields": {
    "product": 3255,
    "intr_rate_type": "S",
    "intr_rate_type_nm": "단리",
    "rsrv_type": "F",
    "rsrv_type_nm": "자유적립식",
    "save_trm": 36,
    "intr_rate": "2.70",
    "intr_rate2": "3.15"
  }
},
{
  "model": "fin_products.savingsoption",
  "pk": 10351,
  "fields": {
    "product": 3256,
    "intr_rate_type": "S",
    "intr_rate_type_nm": "단리",
    "rsrv_type": "S",
    "rsrv_type_nm": "정액적립식",
    "save_trm": 6,
    "intr_rate": "1.95",
    "intr_rate2": "2.50"
  }
},
{
  "model": "fin_products.savingsoption",
  "pk": 10352,
  "fields": {
    "product": 3256,
    "intr_rate_type": "S",
    "intr_rate_type_nm": "단리",
    "rsrv_type": "S",
    "rsrv_type_nm": "정액적립식",
    "save_trm": 12,
    "intr_rate": "2.00",
    "intr_rate2": "2.90"
  }
},
{
  "model": "fin_products.savingsoption",
  "pk": 10353,
  "fields": {
    "product": 3257,
    "intr_rate_type": "S",
    "intr_rate_type_nm": "단리",
    "rsrv_type": "F",
    "rsrv_type_nm": "자유적립식",
    "save_trm": 6,
    "intr_rate": "2.05",
    "intr_rate2": "2.55"
  }
},
{
  "model": "fin_products.savingsoption",
  "pk": 10354,
  "fields": {
    "product": 3257,
    "intr_rate_type": "S",
    "intr_rate_type_nm": "단리",
    "rsrv_type": "F",
    "rsrv_type_nm": "자유적립식",
    "save_trm": 12,
    "intr_rate": "2.10",
    "intr_rate2": "2.60"
  }
},
{
  "model": "fin_products.savingsoption",
  "pk": 10355,
  "fields": {
    "product": 3257,
    "intr_rate_type": "S",
    "intr_rate_type_nm": "단리",
    "rsrv_type": "F",
    "rsrv_type_nm": "자유적립식",
    "save_trm": 24,
    "intr_rate": "1.70",
    "intr_rate2": "2.20"
  }
},
{
  "model": "fin_products.savingsoption",
  "pk": 10356,
  "fields": {
    "product": 3257,
    "intr_rate_type": "S",
    "intr_rate_type_nm": "단리",
    "rsrv_type": "F",
    "rsrv_type_nm": "자유적립식",
    "save_trm": 36,
    "intr_rate": "1.70",
    "intr_rate2": "2.20"
  }
},
{
  "model": "fin_products.savingsoption",
  "pk": 10357,
  "fields": {
    "product": 3258,
    "intr_rate_type": "S",
    "intr_rate_type_nm": "단리",
    "rsrv_type": "F",
    "rsrv_type_nm": "자유적립식",
    "save_trm": 36,
    "intr_rate": "1.75",
    "intr_rate2": "1.95"
  }
},
{
  "model": "fin_products.savingsoption",
  "pk": 10358,
  "fields": {
    "product": 3258,
    "intr_rate_type": "S",
    "intr_rate_type_nm": "단리",
    "rsrv_type": "F",
    "rsrv_type_nm": "자유적립식",
    "save_trm": 24,
    "intr_rate": "1.75",
    "intr_rate2": "1.95"
  }
},
{
  "model": "fin_products.savingsoption",
  "pk": 10359,
  "fields": {
    "product": 3258,
    "intr_rate_type": "S",
    "intr_rate_type_nm": "단리",
    "rsrv_type": "F",
    "rsrv_type_nm": "자유적립식",
    "save_trm": 12,
    "intr_rate": "2.25",
    "intr_rate2": "2.45"
  }
},
{
  "model": "fin_products.savingsoption",
  "pk": 10360,
  "fields": {
    "product": 3258,
    "intr_rate_type": "S",
    "intr_rate_type_nm": "단리",
    "rsrv_type": "F",
    "rsrv_type_nm": "자유적립식",
    "save_trm": 6,
    "intr_rate": "2.20",
    "intr_rate2": "2.40"
  }
},
{
  "model": "fin_products.savingsoption",
  "pk": 10361,
  "fields": {
    "product": 3259,
    "intr_rate_type": "S",
    "intr_rate_type_nm": "단리",
    "rsrv_type": "F",
    "rsrv_type_nm": "자유적립식",
    "save_trm": 1,
    "intr_rate": "2.50",
    "intr_rate2": "4.50"
  }
},
{
  "model": "fin_products.savingsoption",
  "pk": 10362,
  "fields": {
    "product": 3259,
    "intr_rate_type": "S",
    "intr_rate_type_nm": "단리",
    "rsrv_type": "F",
    "rsrv_type_nm": "자유적립식",
    "save_trm": 3,
    "intr_rate": "2.50",
    "intr_rate2": "4.50"
  }
},
{
  "model": "fin_products.savingsoption",
  "pk": 10363,
  "fields": {
    "product": 3259,
    "intr_rate_type": "S",
    "intr_rate_type_nm": "단리",
    "rsrv_type": "F",
    "rsrv_type_nm": "자유적립식",
    "save_trm": 6,
    "intr_rate": "2.50",
    "intr_rate2": "4.70"
  }
},
{
  "model": "fin_products.savingsoption",
  "pk": 10364,
  "fields": {
    "product": 3259,
    "intr_rate_type": "S",
    "intr_rate_type_nm": "단리",
    "rsrv_type": "F",
    "rsrv_type_nm": "자유적립식",
    "save_trm": 12,
    "intr_rate": "2.50",
    "intr_rate2": "4.70"
  }
},
{
  "model": "fin_products.savingsoption",
  "pk": 10365,
  "fields": {
    "product": 3260,
    "intr_rate_type": "S",
    "intr_rate_type_nm": "단리",
    "rsrv_type": "F",
    "rsrv_type_nm": "자유적립식",
    "save_trm": 36,
    "intr_rate": "2.20",
    "intr_rate2": "3.40"
  }
},
{
  "model": "fin_products.savingsoption",
  "pk": 10366,
  "fields": {
    "product": 3260,
    "intr_rate_type": "S",
    "intr_rate_type_nm": "단리",
    "rsrv_type": "F",
    "rsrv_type_nm": "자유적립식",
    "save_trm": 24,
    "intr_rate": "2.20",
    "intr_rate2": "3.40"
  }
},
{
  "model": "fin_products.savingsoption",
  "pk": 10367,
  "fields": {
    "product": 3260,
    "intr_rate_type": "S",
    "intr_rate_type_nm": "단리",
    "rsrv_type": "F",
    "rsrv_type_nm": "자유적립식",
    "save_trm": 12,
    "intr_rate": "2.30",
    "intr_rate2": "3.50"
  }
},
{
  "model": "fin_products.savingsoption",
  "pk": 10368,
  "fields": {
    "product": 3260,
    "intr_rate_type": "S",
    "intr_rate_type_nm": "단리",
    "rsrv_type": "F",
    "rsrv_type_nm": "자유적립식",
    "save_trm": 6,
    "intr_rate": "2.20",
    "intr_rate2": "3.40"
  }
},
{
  "model": "fin_products.savingsoption",
  "pk": 10369,
  "fields": {
    "product": 3260,
    "intr_rate_type": "S",
    "intr_rate_type_nm": "단리",
    "rsrv_type": "S",
    "rsrv_type_nm": "정액적립식",
    "save_trm": 36,
    "intr_rate": "2.40",
    "intr_rate2": "3.60"
  }
},
{
  "model": "fin_products.savingsoption",
  "pk": 10370,
  "fields": {
    "product": 3260,
    "intr_rate_type": "S",
    "intr_rate_type_nm": "단리",
    "rsrv_type": "S",
    "rsrv_type_nm": "정액적립식",
    "save_trm": 24,
    "intr_rate": "2.40",
    "intr_rate2": "3.60"
  }
},
{
  "model": "fin_products.savingsoption",
  "pk": 10371,
  "fields": {
    "product": 3260,
    "intr_rate_type": "S",
    "intr_rate_type_nm": "단리",
    "rsrv_type": "S",
    "rsrv_type_nm": "정액적립식",
    "save_trm": 12,
    "intr_rate": "2.50",
    "intr_rate2": "3.70"
  }
},
{
  "model": "fin_products.savingsoption",
  "pk": 10372,
  "fields": {
    "product": 3260,
    "intr_rate_type": "S",
    "intr_rate_type_nm": "단리",
    "rsrv_type": "S",
    "rsrv_type_nm": "정액적립식",
    "save_trm": 6,
    "intr_rate": "2.40",
    "intr_rate2": "3.60"
  }
},
{
  "model": "fin_products.savingsoption",
  "pk": 10373,
  "fields": {
    "product": 3261,
    "intr_rate_type": "S",
    "intr_rate_type_nm": "단리",
    "rsrv_type": "S",
    "rsrv_type_nm": "정액적립식",
    "save_trm": 12,
    "intr_rate": "2.20",
    "intr_rate2": "4.10"
  }
},
{
  "model": "fin_products.savingsoption",
  "pk": 10374,
  "fields": {
    "product": 3261,
    "intr_rate_type": "S",
    "intr_rate_type_nm": "단리",
    "rsrv_type": "F",
    "rsrv_type_nm": "자유적립식",
    "save_trm": 12,
    "intr_rate": "2.00",
    "intr_rate2": "3.90"
  }
},
{
  "model": "fin_products.savingsoption",
  "pk": 10375,
  "fields": {
    "product": 3262,
    "intr_rate_type": "S",
    "intr_rate_type_nm": "단리",
    "rsrv_type": "S",
    "rsrv_type_nm": "정액적립식",
    "save_trm": 12,
    "intr_rate": "2.50",
    "intr_rate2": "3.00"
  }
},
{
  "model": "fin_products.savingsoption",
  "pk": 10376,
  "fields": {
    "product": 3262,
    "intr_rate_type": "S",
    "intr_rate_type_nm": "단리",
    "rsrv_type": "F",
    "rsrv_type_nm": "자유적립식",
    "save_trm": 12,
    "intr_rate": "2.30",
    "intr_rate2": "2.80"
  }
},
{
  "model": "fin_products.savingsoption",
  "pk": 10377,
  "fields": {
    "product": 3263,
    "intr_rate_type": "S",
    "intr_rate_type_nm": "단리",
    "rsrv_type": "F",
    "rsrv_type_nm": "자유적립식",
    "save_trm": 6,
    "intr_rate": "2.55",
    "intr_rate2": "4.65"
  }
},
{
  "model": "fin_products.savingsoption",
  "pk": 10378,
  "fields": {
    "product": 3263,
    "intr_rate_type": "S",
    "intr_rate_type_nm": "단리",
    "rsrv_type": "F",
    "rsrv_type_nm": "자유적립식",
    "save_trm": 12,
    "intr_rate": "2.85",
    "intr_rate2": "4.95"
  }
},
{
  "model": "fin_products.savingsoption",
  "pk": 10379,
  "fields": {
    "product": 3264,
    "intr_rate_type": "S",
    "intr_rate_type_nm": "단리",
    "rsrv_type": "F",
    "rsrv_type_nm": "자유적립식",
    "save_trm": 24,
    "intr_rate": "3.40",
    "intr_rate2": "5.40"
  }
},
{
  "model": "fin_products.savingsoption",
  "pk": 10380,
  "fields": {
    "product": 3264,
    "intr_rate_type": "S",
    "intr_rate_type_nm": "단리",
    "rsrv_type": "F",
    "rsrv_type_nm": "자유적립식",
    "save_trm": 12,
    "intr_rate": "3.20",
    "intr_rate2": "5.20"
  }
},
{
  "model": "fin_products.savingsoption",
  "pk": 10381,
  "fields": {
    "product": 3265,
    "intr_rate_type": "S",
    "intr_rate_type_nm": "단리",
    "rsrv_type": "F",
    "rsrv_type_nm": "자유적립식",
    "save_trm": 6,
    "intr_rate": "1.70",
    "intr_rate2": "4.40"
  }
},
{
  "model": "fin_products.savingsoption",
  "pk": 10382,
  "fields": {
    "product": 3265,
    "intr_rate_type": "S",
    "intr_rate_type_nm": "단리",
    "rsrv_type": "F",
    "rsrv_type_nm": "자유적립식",
    "save_trm": 12,
    "intr_rate": "1.90",
    "intr_rate2": "4.60"
  }
},
{
  "model": "fin_products.savingsoption",
  "pk": 10383,
  "fields": {
    "product": 3266,
    "intr_rate_type": "S",
    "intr_rate_type_nm": "단리",
    "rsrv_type": "F",
    "rsrv_type_nm": "자유적립식",
    "save_trm": 12,
    "intr_rate": "3.00",
    "intr_rate2": "3.10"
  }
},
{
  "model": "fin_products.savingsoption",
  "pk": 10384,
  "fields": {
    "product": 3266,
    "intr_rate_type": "S",
    "intr_rate_type_nm": "단리",
    "rsrv_type": "F",
    "rsrv_type_nm": "자유적립식",
    "save_trm": 24,
    "intr_rate": "2.75",
    "intr_rate2": "2.85"
  }
},
{
  "model": "fin_products.savingsoption",
  "pk": 10385,
  "fields": {
    "product": 3266,
    "intr_rate_type": "S",
    "intr_rate_type_nm": "단리",
    "rsrv_type": "F",
    "rsrv_type_nm": "자유적립식",
    "save_trm": 36,
    "intr_rate": "2.65",
    "intr_rate2": "2.75"
  }
},
{
  "model": "fin_products.savingsoption",
  "pk": 10386,
  "fields": {
    "product": 3267,
    "intr_rate_type": "S",
    "intr_rate_type_nm": "단리",
    "rsrv_type": "S",
    "rsrv_type_nm": "정액적립식",
    "save_trm": 12,
    "intr_rate": "3.10",
    "intr_rate2": "3.20"
  }
},
{
  "model": "fin_products.savingsoption",
  "pk": 10387,
  "fields": {
    "product": 3267,
    "intr_rate_type": "S",
    "intr_rate_type_nm": "단리",
    "rsrv_type": "S",
    "rsrv_type_nm": "정액적립식",
    "save_trm": 24,
    "intr_rate": "2.85",
    "intr_rate2": "2.95"
  }
},
{
  "model": "fin_products.savingsoption",
  "pk": 10388,
  "fields": {
    "product": 3267,
    "intr_rate_type": "S",
    "intr_rate_type_nm": "단리",
    "rsrv_type": "S",
    "rsrv_type_nm": "정액적립식",
    "save_trm": 36,
    "intr_rate": "2.75",
    "intr_rate2": "2.85"
  }
},
{
  "model": "fin_products.savingsoption",
  "pk": 10389,
  "fields": {
    "product": 3268,
    "intr_rate_type": "S",
    "intr_rate_type_nm": "단리",
    "rsrv_type": "S",
    "rsrv_type_nm": "정액적립식",
    "save_trm": 36,
    "intr_rate": "2.80",
    "intr_rate2": "3.80"
  }
},
{
  "model": "fin_products.savingsoption",
  "pk": 10390,
  "fields": {
    "product": 3268,
    "intr_rate_type": "S",
    "intr_rate_type_nm": "단리",
    "rsrv_type": "S",
    "rsrv_type_nm": "정액적립식",
    "save_trm": 24,
    "intr_rate": "2.80",
    "intr_rate2": "3.80"
  }
},
{
  "model": "fin_products.savingsoption",
  "pk": 10391,
  "fields": {
    "product": 3268,
    "intr_rate_type": "S",
    "intr_rate_type_nm": "단리",
    "rsrv_type": "S",
    "rsrv_type_nm": "정액적립식",
    "save_trm": 12,
    "intr_rate": "2.90",
    "intr_rate2": "3.90"
  }
},
{
  "model": "fin_products.savingsoption",
  "pk": 10392,
  "fields": {
    "product": 3269,
    "intr_rate_type": "S",
    "intr_rate_type_nm": "단리",
    "rsrv_type": "F",
    "rsrv_type_nm": "자유적립식",
    "save_trm": 6,
    "intr_rate": "3.10",
    "intr_rate2": "3.80"
  }
},
{
  "model": "fin_products.savingsoption",
  "pk": 10393,
  "fields": {
    "product": 3269,
    "intr_rate_type": "S",
    "intr_rate_type_nm": "단리",
    "rsrv_type": "F",
    "rsrv_type_nm": "자유적립식",
    "save_trm": 12,
    "intr_rate": "3.20",
    "intr_rate2": "3.90"
  }
},
{
  "model": "fin_products.savingsoption",
  "pk": 10394,
  "fields": {
    "product": 3269,
    "intr_rate_type": "S",
    "intr_rate_type_nm": "단리",
    "rsrv_type": "F",
    "rsrv_type_nm": "자유적립식",
    "save_trm": 24,
    "intr_rate": "3.30",
    "intr_rate2": "4.00"
  }
},
{
  "model": "fin_products.savingsoption",
  "pk": 10395,
  "fields": {
    "product": 3270,
    "intr_rate_type": "S",
    "intr_rate_type_nm": "단리",
    "rsrv_type": "F",
    "rsrv_type_nm": "자유적립식",
    "save_trm": 1,
    "intr_rate": "1.45",
    "intr_rate2": "3.95"
  }
},
{
  "model": "fin_products.savingsoption",
  "pk": 10396,
  "fields": {
    "product": 3270,
    "intr_rate_type": "S",
    "intr_rate_type_nm": "단리",
    "rsrv_type": "F",
    "rsrv_type_nm": "자유적립식",
    "save_trm": 6,
    "intr_rate": "1.80",
    "intr_rate2": "4.30"
  }
},
{
  "model": "fin_products.savingsoption",
  "pk": 10397,
  "fields": {
    "product": 3270,
    "intr_rate_type": "S",
    "intr_rate_type_nm": "단리",
    "rsrv_type": "F",
    "rsrv_type_nm": "자유적립식",
    "save_trm": 12,
    "intr_rate": "2.10",
    "intr_rate2": "4.60"
  }
},
{
  "model": "fin_products.savingsoption",
  "pk": 10398,
  "fields": {
    "product": 3270,
    "intr_rate_type": "S",
    "intr_rate_type_nm": "단리",
    "rsrv_type": "F",
    "rsrv_type_nm": "자유적립식",
    "save_trm": 24,
    "intr_rate": "2.10",
    "intr_rate2": "4.60"
  }
},
{
  "model": "fin_products.savingsoption",
  "pk": 10399,
  "fields": {
    "product": 3270,
    "intr_rate_type": "S",
    "intr_rate_type_nm": "단리",
    "rsrv_type": "F",
    "rsrv_type_nm": "자유적립식",
    "save_trm": 36,
    "intr_rate": "2.10",
    "intr_rate2": "4.60"
  }
},
{
  "model": "fin_products.savingsoption",
  "pk": 10400,
  "fields": {
    "product": 3271,
    "intr_rate_type": "S",
    "intr_rate_type_nm": "단리",
    "rsrv_type": "S",
    "rsrv_type_nm": "정액적립식",
    "save_trm": 36,
    "intr_rate": "2.60",
    "intr_rate2": "4.20"
  }
},
{
  "model": "fin_products.savingsoption",
  "pk": 10401,
  "fields": {
    "product": 3271,
    "intr_rate_type": "S",
    "intr_rate_type_nm": "단리",
    "rsrv_type": "S",
    "rsrv_type_nm": "정액적립식",
    "save_trm": 24,
    "intr_rate": "2.60",
    "intr_rate2": "4.20"
  }
},
{
  "model": "fin_products.savingsoption",
  "pk": 10402,
  "fields": {
    "product": 3271,
    "intr_rate_type": "S",
    "intr_rate_type_nm": "단리",
    "rsrv_type": "S",
    "rsrv_type_nm": "정액적립식",
    "save_trm": 12,
    "intr_rate": "2.75",
    "intr_rate2": "4.35"
  }
},
{
  "model": "fin_products.savingsoption",
  "pk": 10403,
  "fields": {
    "product": 3272,
    "intr_rate_type": "S",
    "intr_rate_type_nm": "단리",
    "rsrv_type": "F",
    "rsrv_type_nm": "자유적립식",
    "save_trm": 1,
    "intr_rate": "2.75",
    "intr_rate2": "4.50"
  }
},
{
  "model": "fin_products.savingsoption",
  "pk": 10404,
  "fields": {
    "product": 3272,
    "intr_rate_type": "S",
    "intr_rate_type_nm": "단리",
    "rsrv_type": "F",
    "rsrv_type_nm": "자유적립식",
    "save_trm": 3,
    "intr_rate": "2.75",
    "intr_rate2": "4.50"
  }
},
{
  "model": "fin_products.savingsoption",
  "pk": 10405,
  "fields": {
    "product": 3272,
    "intr_rate_type": "S",
    "intr_rate_type_nm": "단리",
    "rsrv_type": "F",
    "rsrv_type_nm": "자유적립식",
    "save_trm": 6,
    "intr_rate": "2.75",
    "intr_rate2": "4.50"
  }
},
{
  "model": "fin_products.savingsoption",
  "pk": 10406,
  "fields": {
    "product": 3273,
    "intr_rate_type": "S",
    "intr_rate_type_nm": "단리",
    "rsrv_type": "S",
    "rsrv_type_nm": "정액적립식",
    "save_trm": 12,
    "intr_rate": "1.80",
    "intr_rate2": "5.00"
  }
},
{
  "model": "fin_products.savingsoption",
  "pk": 10407,
  "fields": {
    "product": 3274,
    "intr_rate_type": "S",
    "intr_rate_type_nm": "단리",
    "rsrv_type": "F",
    "rsrv_type_nm": "자유적립식",
    "save_trm": 1,
    "intr_rate": "2.45",
    "intr_rate2": "3.95"
  }
},
{
  "model": "fin_products.savingsoption",
  "pk": 10408,
  "fields": {
    "product": 3274,
    "intr_rate_type": "S",
    "intr_rate_type_nm": "단리",
    "rsrv_type": "F",
    "rsrv_type_nm": "자유적립식",
    "save_trm": 3,
    "intr_rate": "2.45",
    "intr_rate2": "3.95"
  }
},
{
  "model": "fin_products.savingsoption",
  "pk": 10409,
  "fields": {
    "product": 3274,
    "intr_rate_type": "S",
    "intr_rate_type_nm": "단리",
    "rsrv_type": "F",
    "rsrv_type_nm": "자유적립식",
    "save_trm": 6,
    "intr_rate": "2.65",
    "intr_rate2": "4.15"
  }
},
{
  "model": "fin_products.savingsoption",
  "pk": 10410,
  "fields": {
    "product": 3274,
    "intr_rate_type": "S",
    "intr_rate_type_nm": "단리",
    "rsrv_type": "F",
    "rsrv_type_nm": "자유적립식",
    "save_trm": 12,
    "intr_rate": "2.85",
    "intr_rate2": "4.35"
  }
},
{
  "model": "fin_products.savingsoption",
  "pk": 10411,
  "fields": {
    "product": 3275,
    "intr_rate_type": "S",
    "intr_rate_type_nm": "단리",
    "rsrv_type": "F",
    "rsrv_type_nm": "자유적립식",
    "save_trm": 12,
    "intr_rate": "2.50",
    "intr_rate2": "4.50"
  }
},
{
  "model": "fin_products.savingsoption",
  "pk": 10412,
  "fields": {
    "product": 3276,
    "intr_rate_type": "S",
    "intr_rate_type_nm": "단리",
    "rsrv_type": "F",
    "rsrv_type_nm": "자유적립식",
    "save_trm": 12,
    "intr_rate": "2.75",
    "intr_rate2": "4.95"
  }
},
{
  "model": "fin_products.savingsoption",
  "pk": 10413,
  "fields": {
    "product": 3277,
    "intr_rate_type": "S",
    "intr_rate_type_nm": "단리",
    "rsrv_type": "F",
    "rsrv_type_nm": "자유적립식",
    "save_trm": 36,
    "intr_rate": "2.55",
    "intr_rate2": "2.75"
  }
},
{
  "model": "fin_products.savingsoption",
  "pk": 10414,
  "fields": {
    "product": 3277,
    "intr_rate_type": "S",
    "intr_rate_type_nm": "단리",
    "rsrv_type": "F",
    "rsrv_type_nm": "자유적립식",
    "save_trm": 24,
    "intr_rate": "2.55",
    "intr_rate2": "2.75"
  }
},
{
  "model": "fin_products.savingsoption",
  "pk": 10415,
  "fields": {
    "product": 3277,
    "intr_rate_type": "S",
    "intr_rate_type_nm": "단리",
    "rsrv_type": "F",
    "rsrv_type_nm": "자유적립식",
    "save_trm": 12,
    "intr_rate": "2.55",
    "intr_rate2": "2.75"
  }
},
{
  "model": "fin_products.savingsoption",
  "pk": 10416,
  "fields": {
    "product": 3277,
    "intr_rate_type": "S",
    "intr_rate_type_nm": "단리",
    "rsrv_type": "F",
    "rsrv_type_nm": "자유적립식",
    "save_trm": 6,
    "intr_rate": "2.45",
    "intr_rate2": "2.65"
  }
},
{
  "model": "fin_products.savingsoption",
  "pk": 10417,
  "fields": {
    "product": 3278,
    "intr_rate_type": "S",
    "intr_rate_type_nm": "단리",
    "rsrv_type": "S",
    "rsrv_type_nm": "정액적립식",
    "save_trm": 6,
    "intr_rate": "1.57",
    "intr_rate2": "1.57"
  }
},
{
  "model": "fin_products.savingsoption",
  "pk": 10418,
  "fields": {
    "product": 3278,
    "intr_rate_type": "S",
    "intr_rate_type_nm": "단리",
    "rsrv_type": "S",
    "rsrv_type_nm": "정액적립식",
    "save_trm": 12,
    "intr_rate": "1.45",
    "intr_rate2": "1.45"
  }
},
{
  "model": "fin_products.savingsoption",
  "pk": 10419,
  "fields": {
    "product": 3278,
    "intr_rate_type": "S",
    "intr_rate_type_nm": "단리",
    "rsrv_type": "S",
    "rsrv_type_nm": "정액적립식",
    "save_trm": 24,
    "intr_rate": "1.38",
    "intr_rate2": "1.38"
  }
},
{
  "model": "fin_products.savingsoption",
  "pk": 10420,
  "fields": {
    "product": 3278,
    "intr_rate_type": "S",
    "intr_rate_type_nm": "단리",
    "rsrv_type": "S",
    "rsrv_type_nm": "정액적립식",
    "save_trm": 36,
    "intr_rate": "1.38",
    "intr_rate2": "1.38"
  }
},
{
  "model": "fin_products.savingsoption",
  "pk": 10421,
  "fields": {
    "product": 3279,
    "intr_rate_type": "S",
    "intr_rate_type_nm": "단리",
    "rsrv_type": "F",
    "rsrv_type_nm": "자유적립식",
    "save_trm": 36,
    "intr_rate": "1.83",
    "intr_rate2": "1.83"
  }
},
{
  "model": "fin_products.savingsoption",
  "pk": 10422,
  "fields": {
    "product": 3279,
    "intr_rate_type": "S",
    "intr_rate_type_nm": "단리",
    "rsrv_type": "F",
    "rsrv_type_nm": "자유적립식",
    "save_trm": 24,
    "intr_rate": "1.83",
    "intr_rate2": "1.83"
  }
},
{
  "model": "fin_products.savingsoption",
  "pk": 10423,
  "fields": {
    "product": 3279,
    "intr_rate_type": "S",
    "intr_rate_type_nm": "단리",
    "rsrv_type": "F",
    "rsrv_type_nm": "자유적립식",
    "save_trm": 12,
    "intr_rate": "2.05",
    "intr_rate2": "2.05"
  }
},
{
  "model": "fin_products.savingsoption",
  "pk": 10424,
  "fields": {
    "product": 3279,
    "intr_rate_type": "S",
    "intr_rate_type_nm": "단리",
    "rsrv_type": "F",
    "rsrv_type_nm": "자유적립식",
    "save_trm": 6,
    "intr_rate": "1.97",
    "intr_rate2": "1.97"
  }
},
{
  "model": "fin_products.savingsoption",
  "pk": 10425,
  "fields": {
    "product": 3279,
    "intr_rate_type": "S",
    "intr_rate_type_nm": "단리",
    "rsrv_type": "F",
    "rsrv_type_nm": "자유적립식",
    "save_trm": 3,
    "intr_rate": "1.89",
    "intr_rate2": "1.89"
  }
},
{
  "model": "fin_products.savingsoption",
  "pk": 10426,
  "fields": {
    "product": 3279,
    "intr_rate_type": "S",
    "intr_rate_type_nm": "단리",
    "rsrv_type": "F",
    "rsrv_type_nm": "자유적립식",
    "save_trm": 1,
    "intr_rate": "1.89",
    "intr_rate2": "1.89"
  }
},
{
  "model": "fin_products.savingsoption",
  "pk": 10427,
  "fields": {
    "product": 3280,
    "intr_rate_type": "S",
    "intr_rate_type_nm": "단리",
    "rsrv_type": "S",
    "rsrv_type_nm": "정액적립식",
    "save_trm": 12,
    "intr_rate": "2.50",
    "intr_rate2": "3.40"
  }
},
{
  "model": "fin_products.savingsoption",
  "pk": 10428,
  "fields": {
    "product": 3280,
    "intr_rate_type": "S",
    "intr_rate_type_nm": "단리",
    "rsrv_type": "S",
    "rsrv_type_nm": "정액적립식",
    "save_trm": 24,
    "intr_rate": "2.70",
    "intr_rate2": "3.70"
  }
},
{
  "model": "fin_products.savingsoption",
  "pk": 10429,
  "fields": {
    "product": 3280,
    "intr_rate_type": "S",
    "intr_rate_type_nm": "단리",
    "rsrv_type": "S",
    "rsrv_type_nm": "정액적립식",
    "save_trm": 36,
    "intr_rate": "2.80",
    "intr_rate2": "4.00"
  }
},
{
  "model": "fin_products.savingsoption",
  "pk": 10430,
  "fields": {
    "product": 3281,
    "intr_rate_type": "S",
    "intr_rate_type_nm": "단리",
    "rsrv_type": "S",
    "rsrv_type_nm": "정액적립식",
    "save_trm": 6,
    "intr_rate": "2.30",
    "intr_rate2": "2.90"
  }
},
{
  "model": "fin_products.savingsoption",
  "pk": 10431,
  "fields": {
    "product": 3281,
    "intr_rate_type": "S",
    "intr_rate_type_nm": "단리",
    "rsrv_type": "S",
    "rsrv_type_nm": "정액적립식",
    "save_trm": 12,
    "intr_rate": "2.55",
    "intr_rate2": "3.15"
  }
},
{
  "model": "fin_products.savingsoption",
  "pk": 10432,
  "fields": {
    "product": 3281,
    "intr_rate_type": "S",
    "intr_rate_type_nm": "단리",
    "rsrv_type": "S",
    "rsrv_type_nm": "정액적립식",
    "save_trm": 24,
    "intr_rate": "2.75",
    "intr_rate2": "3.35"
  }
},
{
  "model": "fin_products.savingsoption",
  "pk": 10433,
  "fields": {
    "product": 3281,
    "intr_rate_type": "S",
    "intr_rate_type_nm": "단리",
    "rsrv_type": "S",
    "rsrv_type_nm": "정액적립식",
    "save_trm": 36,
    "intr_rate": "2.95",
    "intr_rate2": "3.55"
  }
},
{
  "model": "fin_products.savingsoption",
  "pk": 10434,
  "fields": {
    "product": 3282,
    "intr_rate_type": "S",
    "intr_rate_type_nm": "단리",
    "rsrv_type": "F",
    "rsrv_type_nm": "자유적립식",
    "save_trm": 36,
    "intr_rate": "2.85",
    "intr_rate2": "3.85"
  }
},
{
  "model": "fin_products.savingsoption",
  "pk": 10435,
  "fields": {
    "product": 3282,
    "intr_rate_type": "S",
    "intr_rate_type_nm": "단리",
    "rsrv_type": "F",
    "rsrv_type_nm": "자유적립식",
    "save_trm": 24,
    "intr_rate": "2.55",
    "intr_rate2": "3.45"
  }
},
{
  "model": "fin_products.savingsoption",
  "pk": 10436,
  "fields": {
    "product": 3282,
    "intr_rate_type": "S",
    "intr_rate_type_nm": "단리",
    "rsrv_type": "F",
    "rsrv_type_nm": "자유적립식",
    "save_trm": 12,
    "intr_rate": "2.45",
    "intr_rate2": "3.25"
  }
},
{
  "model": "fin_products.savingsoption",
  "pk": 10437,
  "fields": {
    "product": 3283,
    "intr_rate_type": "S",
    "intr_rate_type_nm": "단리",
    "rsrv_type": "F",
    "rsrv_type_nm": "자유적립식",
    "save_trm": 1,
    "intr_rate": "2.00",
    "intr_rate2": "6.00"
  }
},
{
  "model": "fin_products.savingsoption",
  "pk": 10438,
  "fields": {
    "product": 3283,
    "intr_rate_type": "S",
    "intr_rate_type_nm": "단리",
    "rsrv_type": "F",
    "rsrv_type_nm": "자유적립식",
    "save_trm": 3,
    "intr_rate": "2.00",
    "intr_rate2": "6.00"
  }
},
{
  "model": "fin_products.savingsoption",
  "pk": 10439,
  "fields": {
    "product": 3283,
    "intr_rate_type": "S",
    "intr_rate_type_nm": "단리",
    "rsrv_type": "F",
    "rsrv_type_nm": "자유적립식",
    "save_trm": 6,
    "intr_rate": "2.00",
    "intr_rate2": "6.00"
  }
},
{
  "model": "fin_products.savingsoption",
  "pk": 10440,
  "fields": {
    "product": 3284,
    "intr_rate_type": "S",
    "intr_rate_type_nm": "단리",
    "rsrv_type": "F",
    "rsrv_type_nm": "자유적립식",
    "save_trm": 12,
    "intr_rate": "2.65",
    "intr_rate2": "3.95"
  }
},
{
  "model": "fin_products.savingsoption",
  "pk": 10441,
  "fields": {
    "product": 3284,
    "intr_rate_type": "S",
    "intr_rate_type_nm": "단리",
    "rsrv_type": "F",
    "rsrv_type_nm": "자유적립식",
    "save_trm": 24,
    "intr_rate": "2.65",
    "intr_rate2": "3.95"
  }
},
{
  "model": "fin_products.savingsoption",
  "pk": 10442,
  "fields": {
    "product": 3284,
    "intr_rate_type": "S",
    "intr_rate_type_nm": "단리",
    "rsrv_type": "F",
    "rsrv_type_nm": "자유적립식",
    "save_trm": 36,
    "intr_rate": "2.65",
    "intr_rate2": "3.95"
  }
},
{
  "model": "fin_products.savingsoption",
  "pk": 10443,
  "fields": {
    "product": 3285,
    "intr_rate_type": "S",
    "intr_rate_type_nm": "단리",
    "rsrv_type": "F",
    "rsrv_type_nm": "자유적립식",
    "save_trm": 1,
    "intr_rate": "2.15",
    "intr_rate2": "3.85"
  }
},
{
  "model": "fin_products.savingsoption",
  "pk": 10444,
  "fields": {
    "product": 3285,
    "intr_rate_type": "S",
    "intr_rate_type_nm": "단리",
    "rsrv_type": "F",
    "rsrv_type_nm": "자유적립식",
    "save_trm": 3,
    "intr_rate": "2.25",
    "intr_rate2": "3.95"
  }
},
{
  "model": "fin_products.savingsoption",
  "pk": 10445,
  "fields": {
    "product": 3285,
    "intr_rate_type": "S",
    "intr_rate_type_nm": "단리",
    "rsrv_type": "F",
    "rsrv_type_nm": "자유적립식",
    "save_trm": 6,
    "intr_rate": "2.45",
    "intr_rate2": "4.15"
  }
},
{
  "model": "fin_products.savingsoption",
  "pk": 10446,
  "fields": {
    "product": 3286,
    "intr_rate_type": "M",
    "intr_rate_type_nm": "복리",
    "rsrv_type": "F",
    "rsrv_type_nm": "자유적립식",
    "save_trm": 24,
    "intr_rate": "2.60",
    "intr_rate2": "6.10"
  }
},
{
  "model": "fin_products.savingsoption",
  "pk": 10447,
  "fields": {
    "product": 3286,
    "intr_rate_type": "M",
    "intr_rate_type_nm": "복리",
    "rsrv_type": "F",
    "rsrv_type_nm": "자유적립식",
    "save_trm": 12,
    "intr_rate": "2.55",
    "intr_rate2": "6.05"
  }
},
{
  "model": "fin_products.savingsoption",
  "pk": 10448,
  "fields": {
    "product": 3286,
    "intr_rate_type": "M",
    "intr_rate_type_nm": "복리",
    "rsrv_type": "F",
    "rsrv_type_nm": "자유적립식",
    "save_trm": 6,
    "intr_rate": "2.45",
    "intr_rate2": "5.95"
  }
},
{
  "model": "fin_products.savingsoption",
  "pk": 10449,
  "fields": {
    "product": 3287,
    "intr_rate_type": "S",
    "intr_rate_type_nm": "단리",
    "rsrv_type": "F",
    "rsrv_type_nm": "자유적립식",
    "save_trm": 12,
    "intr_rate": "2.55",
    "intr_rate2": "3.55"
  }
},
{
  "model": "fin_products.savingsoption",
  "pk": 10450,
  "fields": {
    "product": 3287,
    "intr_rate_type": "S",
    "intr_rate_type_nm": "단리",
    "rsrv_type": "F",
    "rsrv_type_nm": "자유적립식",
    "save_trm": 24,
    "intr_rate": "2.60",
    "intr_rate2": "3.60"
  }
},
{
  "model": "fin_products.savingsoption",
  "pk": 10451,
  "fields": {
    "product": 3287,
    "intr_rate_type": "S",
    "intr_rate_type_nm": "단리",
    "rsrv_type": "F",
    "rsrv_type_nm": "자유적립식",
    "save_trm": 36,
    "intr_rate": "2.65",
    "intr_rate2": "3.65"
  }
},
{
  "model": "fin_products.savingsoption",
  "pk": 10452,
  "fields": {
    "product": 3288,
    "intr_rate_type": "S",
    "intr_rate_type_nm": "단리",
    "rsrv_type": "F",
    "rsrv_type_nm": "자유적립식",
    "save_trm": 12,
    "intr_rate": "2.85",
    "intr_rate2": "3.65"
  }
},
{
  "model": "fin_products.savingsoption",
  "pk": 10453,
  "fields": {
    "product": 3288,
    "intr_rate_type": "S",
    "intr_rate_type_nm": "단리",
    "rsrv_type": "F",
    "rsrv_type_nm": "자유적립식",
    "save_trm": 24,
    "intr_rate": "2.90",
    "intr_rate2": "3.70"
  }
},
{
  "model": "fin_products.savingsoption",
  "pk": 10454,
  "fields": {
    "product": 3288,
    "intr_rate_type": "S",
    "intr_rate_type_nm": "단리",
    "rsrv_type": "F",
    "rsrv_type_nm": "자유적립식",
    "save_trm": 36,
    "intr_rate": "2.95",
    "intr_rate2": "3.75"
  }
},
{
  "model": "fin_products.savingsoption",
  "pk": 10455,
  "fields": {
    "product": 3289,
    "intr_rate_type": "M",
    "intr_rate_type_nm": "복리",
    "rsrv_type": "F",
    "rsrv_type_nm": "자유적립식",
    "save_trm": 12,
    "intr_rate": "2.65",
    "intr_rate2": "3.45"
  }
},
{
  "model": "fin_products.savingsoption",
  "pk": 10456,
  "fields": {
    "product": 3289,
    "intr_rate_type": "M",
    "intr_rate_type_nm": "복리",
    "rsrv_type": "F",
    "rsrv_type_nm": "자유적립식",
    "save_trm": 24,
    "intr_rate": "2.50",
    "intr_rate2": "3.30"
  }
},
{
  "model": "fin_products.savingsoption",
  "pk": 10457,
  "fields": {
    "product": 3289,
    "intr_rate_type": "M",
    "intr_rate_type_nm": "복리",
    "rsrv_type": "F",
    "rsrv_type_nm": "자유적립식",
    "save_trm": 36,
    "intr_rate": "2.50",
    "intr_rate2": "3.30"
  }
},
{
  "model": "fin_products.savingsoption",
  "pk": 10458,
  "fields": {
    "product": 3290,
    "intr_rate_type": "M",
    "intr_rate_type_nm": "복리",
    "rsrv_type": "F",
    "rsrv_type_nm": "자유적립식",
    "save_trm": 36,
    "intr_rate": "3.10",
    "intr_rate2": "4.10"
  }
},
{
  "model": "fin_products.savingsoption",
  "pk": 10459,
  "fields": {
    "product": 3290,
    "intr_rate_type": "M",
    "intr_rate_type_nm": "복리",
    "rsrv_type": "F",
    "rsrv_type_nm": "자유적립식",
    "save_trm": 24,
    "intr_rate": "3.00",
    "intr_rate2": "4.00"
  }
},
{
  "model": "fin_products.savingsoption",
  "pk": 10460,
  "fields": {
    "product": 3290,
    "intr_rate_type": "M",
    "intr_rate_type_nm": "복리",
    "rsrv_type": "F",
    "rsrv_type_nm": "자유적립식",
    "save_trm": 12,
    "intr_rate": "2.95",
    "intr_rate2": "3.95"
  }
},
{
  "model": "fin_products.savingsoption",
  "pk": 10461,
  "fields": {
    "product": 3291,
    "intr_rate_type": "S",
    "intr_rate_type_nm": "단리",
    "rsrv_type": "S",
    "rsrv_type_nm": "정액적립식",
    "save_trm": 6,
    "intr_rate": "2.20",
    "intr_rate2": "2.70"
  }
},
{
  "model": "fin_products.savingsoption",
  "pk": 10462,
  "fields": {
    "product": 3291,
    "intr_rate_type": "S",
    "intr_rate_type_nm": "단리",
    "rsrv_type": "S",
    "rsrv_type_nm": "정액적립식",
    "save_trm": 12,
    "intr_rate": "2.30",
    "intr_rate2": "2.80"
  }
},
{
  "model": "fin_products.savingsoption",
  "pk": 10463,
  "fields": {
    "product": 3291,
    "intr_rate_type": "S",
    "intr_rate_type_nm": "단리",
    "rsrv_type": "S",
    "rsrv_type_nm": "정액적립식",
    "save_trm": 24,
    "intr_rate": "2.40",
    "intr_rate2": "2.90"
  }
},
{
  "model": "fin_products.savingsoption",
  "pk": 10464,
  "fields": {
    "product": 3291,
    "intr_rate_type": "S",
    "intr_rate_type_nm": "단리",
    "rsrv_type": "S",
    "rsrv_type_nm": "정액적립식",
    "save_trm": 36,
    "intr_rate": "2.50",
    "intr_rate2": "3.00"
  }
},
{
  "model": "fin_products.savingsoption",
  "pk": 10465,
  "fields": {
    "product": 3291,
    "intr_rate_type": "S",
    "intr_rate_type_nm": "단리",
    "rsrv_type": "F",
    "rsrv_type_nm": "자유적립식",
    "save_trm": 6,
    "intr_rate": "1.70",
    "intr_rate2": "2.20"
  }
},
{
  "model": "fin_products.savingsoption",
  "pk": 10466,
  "fields": {
    "product": 3291,
    "intr_rate_type": "S",
    "intr_rate_type_nm": "단리",
    "rsrv_type": "F",
    "rsrv_type_nm": "자유적립식",
    "save_trm": 12,
    "intr_rate": "1.80",
    "intr_rate2": "2.30"
  }
},
{
  "model": "fin_products.savingsoption",
  "pk": 10467,
  "fields": {
    "product": 3291,
    "intr_rate_type": "S",
    "intr_rate_type_nm": "단리",
    "rsrv_type": "F",
    "rsrv_type_nm": "자유적립식",
    "save_trm": 24,
    "intr_rate": "1.90",
    "intr_rate2": "2.40"
  }
},
{
  "model": "fin_products.savingsoption",
  "pk": 10468,
  "fields": {
    "product": 3291,
    "intr_rate_type": "S",
    "intr_rate_type_nm": "단리",
    "rsrv_type": "F",
    "rsrv_type_nm": "자유적립식",
    "save_trm": 36,
    "intr_rate": "2.00",
    "intr_rate2": "2.50"
  }
},
{
  "model": "fin_products.savingsoption",
  "pk": 10469,
  "fields": {
    "product": 3292,
    "intr_rate_type": "S",
    "intr_rate_type_nm": "단리",
    "rsrv_type": "F",
    "rsrv_type_nm": "자유적립식",
    "save_trm": 36,
    "intr_rate": "3.30",
    "intr_rate2": "3.30"
  }
},
{
  "model": "fin_products.savingsoption",
  "pk": 10470,
  "fields": {
    "product": 3292,
    "intr_rate_type": "S",
    "intr_rate_type_nm": "단리",
    "rsrv_type": "F",
    "rsrv_type_nm": "자유적립식",
    "save_trm": 24,
    "intr_rate": "3.30",
    "intr_rate2": "3.30"
  }
},
{
  "model": "fin_products.savingsoption",
  "pk": 10471,
  "fields": {
    "product": 3292,
    "intr_rate_type": "S",
    "intr_rate_type_nm": "단리",
    "rsrv_type": "F",
    "rsrv_type_nm": "자유적립식",
    "save_trm": 12,
    "intr_rate": "3.30",
    "intr_rate2": "3.30"
  }
},
{
  "model": "fin_products.savingsoption",
  "pk": 10472,
  "fields": {
    "product": 3292,
    "intr_rate_type": "S",
    "intr_rate_type_nm": "단리",
    "rsrv_type": "F",
    "rsrv_type_nm": "자유적립식",
    "save_trm": 6,
    "intr_rate": "3.30",
    "intr_rate2": "3.30"
  }
},
{
  "model": "fin_products.savingsoption",
  "pk": 10473,
  "fields": {
    "product": 3292,
    "intr_rate_type": "S",
    "intr_rate_type_nm": "단리",
    "rsrv_type": "F",
    "rsrv_type_nm": "자유적립식",
    "save_trm": 3,
    "intr_rate": "3.20",
    "intr_rate2": "3.20"
  }
},
{
  "model": "fin_products.savingsoption",
  "pk": 10474,
  "fields": {
    "product": 3292,
    "intr_rate_type": "S",
    "intr_rate_type_nm": "단리",
    "rsrv_type": "F",
    "rsrv_type_nm": "자유적립식",
    "save_trm": 1,
    "intr_rate": "3.00",
    "intr_rate2": "3.00"
  }
},
{
  "model": "fin_products.savingsoption",
  "pk": 10475,
  "fields": {
    "product": 3293,
    "intr_rate_type": "S",
    "intr_rate_type_nm": "단리",
    "rsrv_type": "F",
    "rsrv_type_nm": "자유적립식",
    "save_trm": 1,
    "intr_rate": "1.20",
    "intr_rate2": "7.20"
  }
},
{
  "model": "fin_products.savingsoption",
  "pk": 10476,
  "fields": {
    "product": 3294,
    "intr_rate_type": "S",
    "intr_rate_type_nm": "단리",
    "rsrv_type": "F",
    "rsrv_type_nm": "자유적립식",
    "save_trm": 6,
    "intr_rate": "3.10",
    "intr_rate2": "3.70"
  }
},
{
  "model": "fin_products.savingsoption",
  "pk": 10477,
  "fields": {
    "product": 3294,
    "intr_rate_type": "S",
    "intr_rate_type_nm": "단리",
    "rsrv_type": "F",
    "rsrv_type_nm": "자유적립식",
    "save_trm": 12,
    "intr_rate": "3.20",
    "intr_rate2": "3.80"
  }
},
{
  "model": "fin_products.savingsoption",
  "pk": 10478,
  "fields": {
    "product": 3294,
    "intr_rate_type": "S",
    "intr_rate_type_nm": "단리",
    "rsrv_type": "F",
    "rsrv_type_nm": "자유적립식",
    "save_trm": 24,
    "intr_rate": "3.20",
    "intr_rate2": "3.80"
  }
},
{
  "model": "fin_products.savingsoption",
  "pk": 10479,
  "fields": {
    "product": 3294,
    "intr_rate_type": "S",
    "intr_rate_type_nm": "단리",
    "rsrv_type": "F",
    "rsrv_type_nm": "자유적립식",
    "save_trm": 36,
    "intr_rate": "3.20",
    "intr_rate2": "3.80"
  }
},
{
  "model": "fin_products.savingsoption",
  "pk": 10480,
  "fields": {
    "product": 3295,
    "intr_rate_type": "S",
    "intr_rate_type_nm": "단리",
    "rsrv_type": "S",
    "rsrv_type_nm": "정액적립식",
    "save_trm": 36,
    "intr_rate": "3.30",
    "intr_rate2": "3.80"
  }
},
{
  "model": "fin_products.savingsoption",
  "pk": 10481,
  "fields": {
    "product": 3295,
    "intr_rate_type": "S",
    "intr_rate_type_nm": "단리",
    "rsrv_type": "S",
    "rsrv_type_nm": "정액적립식",
    "save_trm": 24,
    "intr_rate": "3.00",
    "intr_rate2": "3.50"
  }
},
{
  "model": "fin_products.savingsoption",
  "pk": 10482,
  "fields": {
    "product": 3295,
    "intr_rate_type": "S",
    "intr_rate_type_nm": "단리",
    "rsrv_type": "S",
    "rsrv_type_nm": "정액적립식",
    "save_trm": 12,
    "intr_rate": "3.50",
    "intr_rate2": "4.00"
  }
},
{
  "model": "fin_products.savingsoption",
  "pk": 10483,
  "fields": {
    "product": 3296,
    "intr_rate_type": "M",
    "intr_rate_type_nm": "복리",
    "rsrv_type": "F",
    "rsrv_type_nm": "자유적립식",
    "save_trm": 12,
    "intr_rate": "2.20",
    "intr_rate2": "2.90"
  }
},
{
  "model": "fin_products.savingsoption",
  "pk": 10484,
  "fields": {
    "product": 3296,
    "intr_rate_type": "M",
    "intr_rate_type_nm": "복리",
    "rsrv_type": "F",
    "rsrv_type_nm": "자유적립식",
    "save_trm": 24,
    "intr_rate": "1.80",
    "intr_rate2": "2.50"
  }
},
{
  "model": "fin_products.savingsoption",
  "pk": 10485,
  "fields": {
    "product": 3296,
    "intr_rate_type": "M",
    "intr_rate_type_nm": "복리",
    "rsrv_type": "F",
    "rsrv_type_nm": "자유적립식",
    "save_trm": 36,
    "intr_rate": "1.90",
    "intr_rate2": "2.60"
  }
},
{
  "model": "fin_products.savingsoption",
  "pk": 10486,
  "fields": {
    "product": 3297,
    "intr_rate_type": "S",
    "intr_rate_type_nm": "단리",
    "rsrv_type": "F",
    "rsrv_type_nm": "자유적립식",
    "save_trm": 12,
    "intr_rate": "3.15",
    "intr_rate2": "3.65"
  }
},
{
  "model": "fin_products.savingsoption",
  "pk": 10487,
  "fields": {
    "product": 3297,
    "intr_rate_type": "S",
    "intr_rate_type_nm": "단리",
    "rsrv_type": "F",
    "rsrv_type_nm": "자유적립식",
    "save_trm": 24,
    "intr_rate": "2.35",
    "intr_rate2": "2.85"
  }
},
{
  "model": "fin_products.savingsoption",
  "pk": 10488,
  "fields": {
    "product": 3297,
    "intr_rate_type": "S",
    "intr_rate_type_nm": "단리",
    "rsrv_type": "F",
    "rsrv_type_nm": "자유적립식",
    "save_trm": 36,
    "intr_rate": "2.35",
    "intr_rate2": "2.85"
  }
},
{
  "model": "fin_products.savingsoption",
  "pk": 10489,
  "fields": {
    "product": 3298,
    "intr_rate_type": "S",
    "intr_rate_type_nm": "단리",
    "rsrv_type": "F",
    "rsrv_type_nm": "자유적립식",
    "save_trm": 36,
    "intr_rate": "2.60",
    "intr_rate2": "2.80"
  }
},
{
  "model": "fin_products.savingsoption",
  "pk": 10490,
  "fields": {
    "product": 3298,
    "intr_rate_type": "S",
    "intr_rate_type_nm": "단리",
    "rsrv_type": "F",
    "rsrv_type_nm": "자유적립식",
    "save_trm": 24,
    "intr_rate": "2.60",
    "intr_rate2": "2.80"
  }
},
{
  "model": "fin_products.savingsoption",
  "pk": 10491,
  "fields": {
    "product": 3298,
    "intr_rate_type": "S",
    "intr_rate_type_nm": "단리",
    "rsrv_type": "F",
    "rsrv_type_nm": "자유적립식",
    "save_trm": 12,
    "intr_rate": "2.90",
    "intr_rate2": "3.10"
  }
},
{
  "model": "fin_products.savingsoption",
  "pk": 10492,
  "fields": {
    "product": 3298,
    "intr_rate_type": "S",
    "intr_rate_type_nm": "단리",
    "rsrv_type": "F",
    "rsrv_type_nm": "자유적립식",
    "save_trm": 6,
    "intr_rate": "2.75",
    "intr_rate2": "2.95"
  }
},
{
  "model": "fin_products.savingsoption",
  "pk": 10493,
  "fields": {
    "product": 3299,
    "intr_rate_type": "S",
    "intr_rate_type_nm": "단리",
    "rsrv_type": "F",
    "rsrv_type_nm": "자유적립식",
    "save_trm": 6,
    "intr_rate": "2.50",
    "intr_rate2": "5.50"
  }
},
{
  "model": "fin_products.savingsoption",
  "pk": 10494,
  "fields": {
    "product": 3300,
    "intr_rate_type": "S",
    "intr_rate_type_nm": "단리",
    "rsrv_type": "F",
    "rsrv_type_nm": "자유적립식",
    "save_trm": 1,
    "intr_rate": "1.50",
    "intr_rate2": "7.00"
  }
},
{
  "model": "fin_products.savingsoption",
  "pk": 10495,
  "fields": {
    "product": 3301,
    "intr_rate_type": "S",
    "intr_rate_type_nm": "단리",
    "rsrv_type": "F",
    "rsrv_type_nm": "자유적립식",
    "save_trm": 6,
    "intr_rate": "1.80",
    "intr_rate2": "3.80"
  }
},
{
  "model": "fin_products.savingsoption",
  "pk": 10496,
  "fields": {
    "product": 3302,
    "intr_rate_type": "S",
    "intr_rate_type_nm": "단리",
    "rsrv_type": "F",
    "rsrv_type_nm": "자유적립식",
    "save_trm": 6,
    "intr_rate": "1.80",
    "intr_rate2": "4.30"
  }
},
{
  "model": "fin_products.savingsoption",
  "pk": 10497,
  "fields": {
    "product": 3303,
    "intr_rate_type": "S",
    "intr_rate_type_nm": "단리",
    "rsrv_type": "F",
    "rsrv_type_nm": "자유적립식",
    "save_trm": 3,
    "intr_rate": "1.30",
    "intr_rate2": "1.80"
  }
},
{
  "model": "fin_products.savingsoption",
  "pk": 10498,
  "fields": {
    "product": 3303,
    "intr_rate_type": "S",
    "intr_rate_type_nm": "단리",
    "rsrv_type": "F",
    "rsrv_type_nm": "자유적립식",
    "save_trm": 6,
    "intr_rate": "1.80",
    "intr_rate2": "2.30"
  }
},
{
  "model": "fin_products.savingsoption",
  "pk": 10499,
  "fields": {
    "product": 3303,
    "intr_rate_type": "S",
    "intr_rate_type_nm": "단리",
    "rsrv_type": "F",
    "rsrv_type_nm": "자유적립식",
    "save_trm": 12,
    "intr_rate": "2.80",
    "intr_rate2": "3.30"
  }
},
{
  "model": "fin_products.savingsoption",
  "pk": 10500,
  "fields": {
    "product": 3303,
    "intr_rate_type": "S",
    "intr_rate_type_nm": "단리",
    "rsrv_type": "F",
    "rsrv_type_nm": "자유적립식",
    "save_trm": 24,
    "intr_rate": "2.80",
    "intr_rate2": "3.30"
  }
},
{
  "model": "fin_products.savingsoption",
  "pk": 10501,
  "fields": {
    "product": 3303,
    "intr_rate_type": "S",
    "intr_rate_type_nm": "단리",
    "rsrv_type": "F",
    "rsrv_type_nm": "자유적립식",
    "save_trm": 36,
    "intr_rate": "2.80",
    "intr_rate2": "3.30"
  }
},
{
  "model": "fin_products.savingsoption",
  "pk": 10502,
  "fields": {
    "product": 3304,
    "intr_rate_type": "S",
    "intr_rate_type_nm": "단리",
    "rsrv_type": "F",
    "rsrv_type_nm": "자유적립식",
    "save_trm": 12,
    "intr_rate": "2.80",
    "intr_rate2": "5.30"
  }
},
{
  "model": "articles.article",
  "pk": 1,
  "fields": {
    "title": "요즘 적금 들기 괜찮은 타이밍인가요?",
    "content": "요즘 금리가 조금씩 내려가는 것 같아서 고민되네요.\n3개월 안에 적금 하나 들어보려는데, 고정금리 vs 변동금리 중 뭐가 나을까요?\n그리고 여러분은 어떤 기준으로 금융 상품 고르시나요? 조언 부탁드려요!",
    "created_at": "2025-05-27T17:18:28.067Z",
    "updated_at": "2025-05-27T17:18:28.067Z"
  }
},
{
  "model": "articles.article",
  "pk": 2,
  "fields": {
    "title": "적금 만기일 놓쳤는데 연체 이자 붙을까요?",
    "content": "매달 자동이체로 잘 불입했는데 마지막 달 입금이 안 돼서 하루 늦게 넣었어요…\n이 경우도 연체로 잡힐까요? 😢\n혹시 같은 경험 있으신 분 계신가요?",
    "created_at": "2025-05-27T17:21:43.883Z",
    "updated_at": "2025-05-27T17:21:43.883Z"
  }
},
{
  "model": "articles.comment",
  "pk": 1,
  "fields": {
    "article": 1,
    "user": 2,
    "content": "저도 비슷한 고민 중이에요! 요즘엔 금리 높은 특판 적금이 자주 안 보여서…\n오히려 CMA 계좌에 넣어두는 게 낫지 않을까 생각도 들어요 😥",
    "likes": 0,
    "created_at": "2025-05-27T17:23:03.437Z"
  }
},
{
  "model": "commodities.commodityprice",
  "pk": 1,
  "fields": {
    "name": "Gold",
    "symbol": "GLD",
    "price": "309.72",
    "timestamp": "2025-05-26T10:29:26.864Z"
  }
},
{
  "model": "commodities.commodityprice",
  "pk": 2,
  "fields": {
    "name": "Gold",
    "symbol": "GLD",
    "price": "310.18",
    "timestamp": "2025-05-26T10:29:26.868Z"
  }
},
{
  "model": "commodities.commodityprice",
  "pk": 3,
  "fields": {
    "name": "Gold",
    "symbol": "GLD",
    "price": "310.17",
    "timestamp": "2025-05-26T10:29:26.869Z"
  }
},
{
  "model": "commodities.commodityprice",
  "pk": 4,
  "fields": {
    "name": "Gold",
    "symbol": "GLD",
    "price": "310.04",
    "timestamp": "2025-05-26T10:29:26.869Z"
  }
},
{
  "model": "commodities.commodityprice",
  "pk": 5,
  "fields": {
    "name": "Gold",
    "symbol": "GLD",
    "price": "309.74",
    "timestamp": "2025-05-26T10:29:26.870Z"
  }
},
{
  "model": "commodities.commodityprice",
  "pk": 6,
  "fields": {
    "name": "Silver",
    "symbol": "SLV",
    "price": "30.36",
    "timestamp": "2025-05-26T10:29:27.025Z"
  }
},
{
  "model": "commodities.commodityprice",
  "pk": 7,
  "fields": {
    "name": "Silver",
    "symbol": "SLV",
    "price": "30.41",
    "timestamp": "2025-05-26T10:29:27.029Z"
  }
},
{
  "model": "commodities.commodityprice",
  "pk": 8,
  "fields": {
    "name": "Silver",
    "symbol": "SLV",
    "price": "30.47",
    "timestamp": "2025-05-26T10:29:27.030Z"
  }
},
{
  "model": "commodities.commodityprice",
  "pk": 9,
  "fields": {
    "name": "Silver",
    "symbol": "SLV",
    "price": "30.47",
    "timestamp": "2025-05-26T10:29:27.031Z"
  }
},
{
  "model": "commodities.commodityprice",
  "pk": 10,
  "fields": {
    "name": "Silver",
    "symbol": "SLV",
    "price": "30.44",
    "timestamp": "2025-05-26T10:29:27.032Z"
  }
},
{
  "model": "commodities.commodityprice",
  "pk": 11,
  "fields": {
    "name": "Copper",
    "symbol": "CPER",
    "price": "30.09",
    "timestamp": "2025-05-26T10:29:27.195Z"
  }
},
{
  "model": "commodities.commodityprice",
  "pk": 12,
  "fields": {
    "name": "Copper",
    "symbol": "CPER",
    "price": "30.31",
    "timestamp": "2025-05-26T10:29:27.197Z"
  }
},
{
  "model": "commodities.commodityprice",
  "pk": 13,
  "fields": {
    "name": "Copper",
    "symbol": "CPER",
    "price": "30.43",
    "timestamp": "2025-05-26T10:29:27.198Z"
  }
},
{
  "model": "commodities.commodityprice",
  "pk": 14,
  "fields": {
    "name": "Copper",
    "symbol": "CPER",
    "price": "30.37",
    "timestamp": "2025-05-26T10:29:27.199Z"
  }
},
{
  "model": "commodities.commodityprice",
  "pk": 15,
  "fields": {
    "name": "Copper",
    "symbol": "CPER",
    "price": "30.36",
    "timestamp": "2025-05-26T10:29:27.200Z"
  }
},
{
  "model": "commodities.commodityprice",
  "pk": 16,
  "fields": {
    "name": "Gold",
    "symbol": "GLD",
    "price": "309.72",
    "timestamp": "2025-05-27T10:26:01.148Z"
  }
},
{
  "model": "commodities.commodityprice",
  "pk": 17,
  "fields": {
    "name": "Gold",
    "symbol": "GLD",
    "price": "310.18",
    "timestamp": "2025-05-27T10:26:01.154Z"
  }
},
{
  "model": "commodities.commodityprice",
  "pk": 18,
  "fields": {
    "name": "Gold",
    "symbol": "GLD",
    "price": "310.17",
    "timestamp": "2025-05-27T10:26:01.154Z"
  }
},
{
  "model": "commodities.commodityprice",
  "pk": 19,
  "fields": {
    "name": "Gold",
    "symbol": "GLD",
    "price": "310.04",
    "timestamp": "2025-05-27T10:26:01.155Z"
  }
},
{
  "model": "commodities.commodityprice",
  "pk": 20,
  "fields": {
    "name": "Gold",
    "symbol": "GLD",
    "price": "309.74",
    "timestamp": "2025-05-27T10:26:01.155Z"
  }
},
{
  "model": "commodities.commodityprice",
  "pk": 21,
  "fields": {
    "name": "Silver",
    "symbol": "SLV",
    "price": "30.36",
    "timestamp": "2025-05-27T10:26:01.329Z"
  }
},
{
  "model": "commodities.commodityprice",
  "pk": 22,
  "fields": {
    "name": "Silver",
    "symbol": "SLV",
    "price": "30.41",
    "timestamp": "2025-05-27T10:26:01.331Z"
  }
},
{
  "model": "commodities.commodityprice",
  "pk": 23,
  "fields": {
    "name": "Silver",
    "symbol": "SLV",
    "price": "30.47",
    "timestamp": "2025-05-27T10:26:01.332Z"
  }
},
{
  "model": "commodities.commodityprice",
  "pk": 24,
  "fields": {
    "name": "Silver",
    "symbol": "SLV",
    "price": "30.47",
    "timestamp": "2025-05-27T10:26:01.333Z"
  }
},
{
  "model": "commodities.commodityprice",
  "pk": 25,
  "fields": {
    "name": "Silver",
    "symbol": "SLV",
    "price": "30.44",
    "timestamp": "2025-05-27T10:26:01.333Z"
  }
},
{
  "model": "commodities.commodityprice",
  "pk": 26,
  "fields": {
    "name": "Copper",
    "symbol": "CPER",
    "price": "30.09",
    "timestamp": "2025-05-27T10:26:01.490Z"
  }
},
{
  "model": "commodities.commodityprice",
  "pk": 27,
  "fields": {
    "name": "Copper",
    "symbol": "CPER",
    "price": "30.31",
    "timestamp": "2025-05-27T10:26:01.492Z"
  }
},
{
  "model": "commodities.commodityprice",
  "pk": 28,
  "fields": {
    "name": "Copper",
    "symbol": "CPER",
    "price": "30.43",
    "timestamp": "2025-05-27T10:26:01.493Z"
  }
},
{
  "model": "commodities.commodityprice",
  "pk": 29,
  "fields": {
    "name": "Copper",
    "symbol": "CPER",
    "price": "30.37",
    "timestamp": "2025-05-27T10:26:01.494Z"
  }
},
{
  "model": "commodities.commodityprice",
  "pk": 30,
  "fields": {
    "name": "Copper",
    "symbol": "CPER",
    "price": "30.36",
    "timestamp": "2025-05-27T10:26:01.495Z"
  }
},
{
  "model": "commodities.commodityprice",
  "pk": 31,
  "fields": {
    "name": "Gold",
    "symbol": "GLD",
    "price": "309.72",
    "timestamp": "2025-05-27T10:53:40.857Z"
  }
},
{
  "model": "commodities.commodityprice",
  "pk": 32,
  "fields": {
    "name": "Gold",
    "symbol": "GLD",
    "price": "310.18",
    "timestamp": "2025-05-27T10:53:40.869Z"
  }
},
{
  "model": "commodities.commodityprice",
  "pk": 33,
  "fields": {
    "name": "Gold",
    "symbol": "GLD",
    "price": "310.17",
    "timestamp": "2025-05-27T10:53:40.869Z"
  }
},
{
  "model": "commodities.commodityprice",
  "pk": 34,
  "fields": {
    "name": "Gold",
    "symbol": "GLD",
    "price": "310.04",
    "timestamp": "2025-05-27T10:53:40.870Z"
  }
},
{
  "model": "commodities.commodityprice",
  "pk": 35,
  "fields": {
    "name": "Gold",
    "symbol": "GLD",
    "price": "309.74",
    "timestamp": "2025-05-27T10:53:40.871Z"
  }
},
{
  "model": "commodities.commodityprice",
  "pk": 36,
  "fields": {
    "name": "Silver",
    "symbol": "SLV",
    "price": "30.36",
    "timestamp": "2025-05-27T10:53:41.047Z"
  }
},
{
  "model": "commodities.commodityprice",
  "pk": 37,
  "fields": {
    "name": "Silver",
    "symbol": "SLV",
    "price": "30.41",
    "timestamp": "2025-05-27T10:53:41.048Z"
  }
},
{
  "model": "commodities.commodityprice",
  "pk": 38,
  "fields": {
    "name": "Silver",
    "symbol": "SLV",
    "price": "30.47",
    "timestamp": "2025-05-27T10:53:41.049Z"
  }
},
{
  "model": "commodities.commodityprice",
  "pk": 39,
  "fields": {
    "name": "Silver",
    "symbol": "SLV",
    "price": "30.47",
    "timestamp": "2025-05-27T10:53:41.050Z"
  }
},
{
  "model": "commodities.commodityprice",
  "pk": 40,
  "fields": {
    "name": "Silver",
    "symbol": "SLV",
    "price": "30.44",
    "timestamp": "2025-05-27T10:53:41.051Z"
  }
},
{
  "model": "commodities.commodityprice",
  "pk": 41,
  "fields": {
    "name": "Copper",
    "symbol": "CPER",
    "price": "30.09",
    "timestamp": "2025-05-27T10:53:41.225Z"
  }
},
{
  "model": "commodities.commodityprice",
  "pk": 42,
  "fields": {
    "name": "Copper",
    "symbol": "CPER",
    "price": "30.31",
    "timestamp": "2025-05-27T10:53:41.226Z"
  }
},
{
  "model": "commodities.commodityprice",
  "pk": 43,
  "fields": {
    "name": "Copper",
    "symbol": "CPER",
    "price": "30.43",
    "timestamp": "2025-05-27T10:53:41.228Z"
  }
},
{
  "model": "commodities.commodityprice",
  "pk": 44,
  "fields": {
    "name": "Copper",
    "symbol": "CPER",
    "price": "30.37",
    "timestamp": "2025-05-27T10:53:41.229Z"
  }
},
{
  "model": "commodities.commodityprice",
  "pk": 45,
  "fields": {
    "name": "Copper",
    "symbol": "CPER",
    "price": "30.36",
    "timestamp": "2025-05-27T10:53:41.231Z"
  }
},
{
  "model": "authtoken.token",
  "pk": "fa567513c38863e6cd94e2527a02f72a149df925",
  "fields": {
    "user": 1,
    "created": "2025-05-27T18:20:15.652Z"
  }
},
{
  "model": "sites.site",
  "pk": 1,
  "fields": {
    "domain": "example.com",
    "name": "example.com"
  }
},
{
  "model": "auth.permission",
  "pk": 1,
  "fields": {
    "name": "Can add user",
    "content_type": 1,
    "codename": "add_user"
  }
},
{
  "model": "auth.permission",
  "pk": 2,
  "fields": {
    "name": "Can change user",
    "content_type": 1,
    "codename": "change_user"
  }
},
{
  "model": "auth.permission",
  "pk": 3,
  "fields": {
    "name": "Can delete user",
    "content_type": 1,
    "codename": "delete_user"
  }
},
{
  "model": "auth.permission",
  "pk": 4,
  "fields": {
    "name": "Can view user",
    "content_type": 1,
    "codename": "view_user"
  }
},
{
  "model": "auth.permission",
  "pk": 5,
  "fields": {
    "name": "Can add account",
    "content_type": 2,
    "codename": "add_account"
  }
},
{
  "model": "auth.permission",
  "pk": 6,
  "fields": {
    "name": "Can change account",
    "content_type": 2,
    "codename": "change_account"
  }
},
{
  "model": "auth.permission",
  "pk": 7,
  "fields": {
    "name": "Can delete account",
    "content_type": 2,
    "codename": "delete_account"
  }
},
{
  "model": "auth.permission",
  "pk": 8,
  "fields": {
    "name": "Can view account",
    "content_type": 2,
    "codename": "view_account"
  }
},
{
  "model": "auth.permission",
  "pk": 9,
  "fields": {
    "name": "Can add deposit detail",
    "content_type": 3,
    "codename": "add_depositdetail"
  }
},
{
  "model": "auth.permission",
  "pk": 10,
  "fields": {
    "name": "Can change deposit detail",
    "content_type": 3,
    "codename": "change_depositdetail"
  }
},
{
  "model": "auth.permission",
  "pk": 11,
  "fields": {
    "name": "Can delete deposit detail",
    "content_type": 3,
    "codename": "delete_depositdetail"
  }
},
{
  "model": "auth.permission",
  "pk": 12,
  "fields": {
    "name": "Can view deposit detail",
    "content_type": 3,
    "codename": "view_depositdetail"
  }
},
{
  "model": "auth.permission",
  "pk": 13,
  "fields": {
    "name": "Can add savings detail",
    "content_type": 4,
    "codename": "add_savingsdetail"
  }
},
{
  "model": "auth.permission",
  "pk": 14,
  "fields": {
    "name": "Can change savings detail",
    "content_type": 4,
    "codename": "change_savingsdetail"
  }
},
{
  "model": "auth.permission",
  "pk": 15,
  "fields": {
    "name": "Can delete savings detail",
    "content_type": 4,
    "codename": "delete_savingsdetail"
  }
},
{
  "model": "auth.permission",
  "pk": 16,
  "fields": {
    "name": "Can view savings detail",
    "content_type": 4,
    "codename": "view_savingsdetail"
  }
},
{
  "model": "auth.permission",
  "pk": 17,
  "fields": {
    "name": "Can add savings payment",
    "content_type": 5,
    "codename": "add_savingspayment"
  }
},
{
  "model": "auth.permission",
  "pk": 18,
  "fields": {
    "name": "Can change savings payment",
    "content_type": 5,
    "codename": "change_savingspayment"
  }
},
{
  "model": "auth.permission",
  "pk": 19,
  "fields": {
    "name": "Can delete savings payment",
    "content_type": 5,
    "codename": "delete_savingspayment"
  }
},
{
  "model": "auth.permission",
  "pk": 20,
  "fields": {
    "name": "Can view savings payment",
    "content_type": 5,
    "codename": "view_savingspayment"
  }
},
{
  "model": "auth.permission",
  "pk": 21,
  "fields": {
    "name": "Can add deposit product",
    "content_type": 6,
    "codename": "add_depositproduct"
  }
},
{
  "model": "auth.permission",
  "pk": 22,
  "fields": {
    "name": "Can change deposit product",
    "content_type": 6,
    "codename": "change_depositproduct"
  }
},
{
  "model": "auth.permission",
  "pk": 23,
  "fields": {
    "name": "Can delete deposit product",
    "content_type": 6,
    "codename": "delete_depositproduct"
  }
},
{
  "model": "auth.permission",
  "pk": 24,
  "fields": {
    "name": "Can view deposit product",
    "content_type": 6,
    "codename": "view_depositproduct"
  }
},
{
  "model": "auth.permission",
  "pk": 25,
  "fields": {
    "name": "Can add savings product",
    "content_type": 7,
    "codename": "add_savingsproduct"
  }
},
{
  "model": "auth.permission",
  "pk": 26,
  "fields": {
    "name": "Can change savings product",
    "content_type": 7,
    "codename": "change_savingsproduct"
  }
},
{
  "model": "auth.permission",
  "pk": 27,
  "fields": {
    "name": "Can delete savings product",
    "content_type": 7,
    "codename": "delete_savingsproduct"
  }
},
{
  "model": "auth.permission",
  "pk": 28,
  "fields": {
    "name": "Can view savings product",
    "content_type": 7,
    "codename": "view_savingsproduct"
  }
},
{
  "model": "auth.permission",
  "pk": 29,
  "fields": {
    "name": "Can add deposit option",
    "content_type": 8,
    "codename": "add_depositoption"
  }
},
{
  "model": "auth.permission",
  "pk": 30,
  "fields": {
    "name": "Can change deposit option",
    "content_type": 8,
    "codename": "change_depositoption"
  }
},
{
  "model": "auth.permission",
  "pk": 31,
  "fields": {
    "name": "Can delete deposit option",
    "content_type": 8,
    "codename": "delete_depositoption"
  }
},
{
  "model": "auth.permission",
  "pk": 32,
  "fields": {
    "name": "Can view deposit option",
    "content_type": 8,
    "codename": "view_depositoption"
  }
},
{
  "model": "auth.permission",
  "pk": 33,
  "fields": {
    "name": "Can add savings option",
    "content_type": 9,
    "codename": "add_savingsoption"
  }
},
{
  "model": "auth.permission",
  "pk": 34,
  "fields": {
    "name": "Can change savings option",
    "content_type": 9,
    "codename": "change_savingsoption"
  }
},
{
  "model": "auth.permission",
  "pk": 35,
  "fields": {
    "name": "Can delete savings option",
    "content_type": 9,
    "codename": "delete_savingsoption"
  }
},
{
  "model": "auth.permission",
  "pk": 36,
  "fields": {
    "name": "Can view savings option",
    "content_type": 9,
    "codename": "view_savingsoption"
  }
},
{
  "model": "auth.permission",
  "pk": 37,
  "fields": {
    "name": "Can add article",
    "content_type": 10,
    "codename": "add_article"
  }
},
{
  "model": "auth.permission",
  "pk": 38,
  "fields": {
    "name": "Can change article",
    "content_type": 10,
    "codename": "change_article"
  }
},
{
  "model": "auth.permission",
  "pk": 39,
  "fields": {
    "name": "Can delete article",
    "content_type": 10,
    "codename": "delete_article"
  }
},
{
  "model": "auth.permission",
  "pk": 40,
  "fields": {
    "name": "Can view article",
    "content_type": 10,
    "codename": "view_article"
  }
},
{
  "model": "auth.permission",
  "pk": 41,
  "fields": {
    "name": "Can add comment",
    "content_type": 11,
    "codename": "add_comment"
  }
},
{
  "model": "auth.permission",
  "pk": 42,
  "fields": {
    "name": "Can change comment",
    "content_type": 11,
    "codename": "change_comment"
  }
},
{
  "model": "auth.permission",
  "pk": 43,
  "fields": {
    "name": "Can delete comment",
    "content_type": 11,
    "codename": "delete_comment"
  }
},
{
  "model": "auth.permission",
  "pk": 44,
  "fields": {
    "name": "Can view comment",
    "content_type": 11,
    "codename": "view_comment"
  }
},
{
  "model": "auth.permission",
  "pk": 45,
  "fields": {
    "name": "Can add commodity price",
    "content_type": 12,
    "codename": "add_commodityprice"
  }
},
{
  "model": "auth.permission",
  "pk": 46,
  "fields": {
    "name": "Can change commodity price",
    "content_type": 12,
    "codename": "change_commodityprice"
  }
},
{
  "model": "auth.permission",
  "pk": 47,
  "fields": {
    "name": "Can delete commodity price",
    "content_type": 12,
    "codename": "delete_commodityprice"
  }
},
{
  "model": "auth.permission",
  "pk": 48,
  "fields": {
    "name": "Can view commodity price",
    "content_type": 12,
    "codename": "view_commodityprice"
  }
},
{
  "model": "auth.permission",
  "pk": 49,
  "fields": {
    "name": "Can add Token",
    "content_type": 13,
    "codename": "add_token"
  }
},
{
  "model": "auth.permission",
  "pk": 50,
  "fields": {
    "name": "Can change Token",
    "content_type": 13,
    "codename": "change_token"
  }
},
{
  "model": "auth.permission",
  "pk": 51,
  "fields": {
    "name": "Can delete Token",
    "content_type": 13,
    "codename": "delete_token"
  }
},
{
  "model": "auth.permission",
  "pk": 52,
  "fields": {
    "name": "Can view Token",
    "content_type": 13,
    "codename": "view_token"
  }
},
{
  "model": "auth.permission",
  "pk": 53,
  "fields": {
    "name": "Can add token",
    "content_type": 14,
    "codename": "add_tokenproxy"
  }
},
{
  "model": "auth.permission",
  "pk": 54,
  "fields": {
    "name": "Can change token",
    "content_type": 14,
    "codename": "change_tokenproxy"
  }
},
{
  "model": "auth.permission",
  "pk": 55,
  "fields": {
    "name": "Can delete token",
    "content_type": 14,
    "codename": "delete_tokenproxy"
  }
},
{
  "model": "auth.permission",
  "pk": 56,
  "fields": {
    "name": "Can view token",
    "content_type": 14,
    "codename": "view_tokenproxy"
  }
},
{
  "model": "auth.permission",
  "pk": 57,
  "fields": {
    "name": "Can add site",
    "content_type": 15,
    "codename": "add_site"
  }
},
{
  "model": "auth.permission",
  "pk": 58,
  "fields": {
    "name": "Can change site",
    "content_type": 15,
    "codename": "change_site"
  }
},
{
  "model": "auth.permission",
  "pk": 59,
  "fields": {
    "name": "Can delete site",
    "content_type": 15,
    "codename": "delete_site"
  }
},
{
  "model": "auth.permission",
  "pk": 60,
  "fields": {
    "name": "Can view site",
    "content_type": 15,
    "codename": "view_site"
  }
},
{
  "model": "auth.permission",
  "pk": 61,
  "fields": {
    "name": "Can add email address",
    "content_type": 16,
    "codename": "add_emailaddress"
  }
},
{
  "model": "auth.permission",
  "pk": 62,
  "fields": {
    "name": "Can change email address",
    "content_type": 16,
    "codename": "change_emailaddress"
  }
},
{
  "model": "auth.permission",
  "pk": 63,
  "fields": {
    "name": "Can delete email address",
    "content_type": 16,
    "codename": "delete_emailaddress"
  }
},
{
  "model": "auth.permission",
  "pk": 64,
  "fields": {
    "name": "Can view email address",
    "content_type": 16,
    "codename": "view_emailaddress"
  }
},
{
  "model": "auth.permission",
  "pk": 65,
  "fields": {
    "name": "Can add email confirmation",
    "content_type": 17,
    "codename": "add_emailconfirmation"
  }
},
{
  "model": "auth.permission",
  "pk": 66,
  "fields": {
    "name": "Can change email confirmation",
    "content_type": 17,
    "codename": "change_emailconfirmation"
  }
},
{
  "model": "auth.permission",
  "pk": 67,
  "fields": {
    "name": "Can delete email confirmation",
    "content_type": 17,
    "codename": "delete_emailconfirmation"
  }
},
{
  "model": "auth.permission",
  "pk": 68,
  "fields": {
    "name": "Can view email confirmation",
    "content_type": 17,
    "codename": "view_emailconfirmation"
  }
},
{
  "model": "auth.permission",
  "pk": 69,
  "fields": {
    "name": "Can add social account",
    "content_type": 18,
    "codename": "add_socialaccount"
  }
},
{
  "model": "auth.permission",
  "pk": 70,
  "fields": {
    "name": "Can change social account",
    "content_type": 18,
    "codename": "change_socialaccount"
  }
},
{
  "model": "auth.permission",
  "pk": 71,
  "fields": {
    "name": "Can delete social account",
    "content_type": 18,
    "codename": "delete_socialaccount"
  }
},
{
  "model": "auth.permission",
  "pk": 72,
  "fields": {
    "name": "Can view social account",
    "content_type": 18,
    "codename": "view_socialaccount"
  }
},
{
  "model": "auth.permission",
  "pk": 73,
  "fields": {
    "name": "Can add social application",
    "content_type": 19,
    "codename": "add_socialapp"
  }
},
{
  "model": "auth.permission",
  "pk": 74,
  "fields": {
    "name": "Can change social application",
    "content_type": 19,
    "codename": "change_socialapp"
  }
},
{
  "model": "auth.permission",
  "pk": 75,
  "fields": {
    "name": "Can delete social application",
    "content_type": 19,
    "codename": "delete_socialapp"
  }
},
{
  "model": "auth.permission",
  "pk": 76,
  "fields": {
    "name": "Can view social application",
    "content_type": 19,
    "codename": "view_socialapp"
  }
},
{
  "model": "auth.permission",
  "pk": 77,
  "fields": {
    "name": "Can add social application token",
    "content_type": 20,
    "codename": "add_socialtoken"
  }
},
{
  "model": "auth.permission",
  "pk": 78,
  "fields": {
    "name": "Can change social application token",
    "content_type": 20,
    "codename": "change_socialtoken"
  }
},
{
  "model": "auth.permission",
  "pk": 79,
  "fields": {
    "name": "Can delete social application token",
    "content_type": 20,
    "codename": "delete_socialtoken"
  }
},
{
  "model": "auth.permission",
  "pk": 80,
  "fields": {
    "name": "Can view social application token",
    "content_type": 20,
    "codename": "view_socialtoken"
  }
},
{
  "model": "auth.permission",
  "pk": 81,
  "fields": {
    "name": "Can add log entry",
    "content_type": 21,
    "codename": "add_logentry"
  }
},
{
  "model": "auth.permission",
  "pk": 82,
  "fields": {
    "name": "Can change log entry",
    "content_type": 21,
    "codename": "change_logentry"
  }
},
{
  "model": "auth.permission",
  "pk": 83,
  "fields": {
    "name": "Can delete log entry",
    "content_type": 21,
    "codename": "delete_logentry"
  }
},
{
  "model": "auth.permission",
  "pk": 84,
  "fields": {
    "name": "Can view log entry",
    "content_type": 21,
    "codename": "view_logentry"
  }
},
{
  "model": "auth.permission",
  "pk": 85,
  "fields": {
    "name": "Can add permission",
    "content_type": 22,
    "codename": "add_permission"
  }
},
{
  "model": "auth.permission",
  "pk": 86,
  "fields": {
    "name": "Can change permission",
    "content_type": 22,
    "codename": "change_permission"
  }
},
{
  "model": "auth.permission",
  "pk": 87,
  "fields": {
    "name": "Can delete permission",
    "content_type": 22,
    "codename": "delete_permission"
  }
},
{
  "model": "auth.permission",
  "pk": 88,
  "fields": {
    "name": "Can view permission",
    "content_type": 22,
    "codename": "view_permission"
  }
},
{
  "model": "auth.permission",
  "pk": 89,
  "fields": {
    "name": "Can add group",
    "content_type": 23,
    "codename": "add_group"
  }
},
{
  "model": "auth.permission",
  "pk": 90,
  "fields": {
    "name": "Can change group",
    "content_type": 23,
    "codename": "change_group"
  }
},
{
  "model": "auth.permission",
  "pk": 91,
  "fields": {
    "name": "Can delete group",
    "content_type": 23,
    "codename": "delete_group"
  }
},
{
  "model": "auth.permission",
  "pk": 92,
  "fields": {
    "name": "Can view group",
    "content_type": 23,
    "codename": "view_group"
  }
},
{
  "model": "auth.permission",
  "pk": 93,
  "fields": {
    "name": "Can add content type",
    "content_type": 24,
    "codename": "add_contenttype"
  }
},
{
  "model": "auth.permission",
  "pk": 94,
  "fields": {
    "name": "Can change content type",
    "content_type": 24,
    "codename": "change_contenttype"
  }
},
{
  "model": "auth.permission",
  "pk": 95,
  "fields": {
    "name": "Can delete content type",
    "content_type": 24,
    "codename": "delete_contenttype"
  }
},
{
  "model": "auth.permission",
  "pk": 96,
  "fields": {
    "name": "Can view content type",
    "content_type": 24,
    "codename": "view_contenttype"
  }
},
{
  "model": "auth.permission",
  "pk": 97,
  "fields": {
    "name": "Can add session",
    "content_type": 25,
    "codename": "add_session"
  }
},
{
  "model": "auth.permission",
  "pk": 98,
  "fields": {
    "name": "Can change session",
    "content_type": 25,
    "codename": "change_session"
  }
},
{
  "model": "auth.permission",
  "pk": 99,
  "fields": {
    "name": "Can delete session",
    "content_type": 25,
    "codename": "delete_session"
  }
},
{
  "model": "auth.permission",
  "pk": 100,
  "fields": {
    "name": "Can view session",
    "content_type": 25,
    "codename": "view_session"
  }
},
{
  "model": "contenttypes.contenttype",
  "pk": 1,
  "fields": {
    "app_label": "users",
    "model": "user"
  }
},
{
  "model": "contenttypes.contenttype",
  "pk": 2,
  "fields": {
    "app_label": "users",
    "model": "account"
  }
},
{
  "model": "contenttypes.contenttype",
  "pk": 3,
  "fields": {
    "app_label": "users",
    "model": "depositdetail"
  }
},
{
  "model": "contenttypes.contenttype",
  "pk": 4,
  "fields": {
    "app_label": "users",
    "model": "savingsdetail"
  }
},
{
  "model": "contenttypes.contenttype",
  "pk": 5,
  "fields": {
    "app_label": "users",
    "model": "savingspayment"
  }
},
{
  "model": "contenttypes.contenttype",
  "pk": 6,
  "fields": {
    "app_label": "fin_products",
    "model": "depositproduct"
  }
},
{
  "model": "contenttypes.contenttype",
  "pk": 7,
  "fields": {
    "app_label": "fin_products",
    "model": "savingsproduct"
  }
},
{
  "model": "contenttypes.contenttype",
  "pk": 8,
  "fields": {
    "app_label": "fin_products",
    "model": "depositoption"
  }
},
{
  "model": "contenttypes.contenttype",
  "pk": 9,
  "fields": {
    "app_label": "fin_products",
    "model": "savingsoption"
  }
},
{
  "model": "contenttypes.contenttype",
  "pk": 10,
  "fields": {
    "app_label": "articles",
    "model": "article"
  }
},
{
  "model": "contenttypes.contenttype",
  "pk": 11,
  "fields": {
    "app_label": "articles",
    "model": "comment"
  }
},
{
  "model": "contenttypes.contenttype",
  "pk": 12,
  "fields": {
    "app_label": "commodities",
    "model": "commodityprice"
  }
},
{
  "model": "contenttypes.contenttype",
  "pk": 13,
  "fields": {
    "app_label": "authtoken",
    "model": "token"
  }
},
{
  "model": "contenttypes.contenttype",
  "pk": 14,
  "fields": {
    "app_label": "authtoken",
    "model": "tokenproxy"
  }
},
{
  "model": "contenttypes.contenttype",
  "pk": 15,
  "fields": {
    "app_label": "sites",
    "model": "site"
  }
},
{
  "model": "contenttypes.contenttype",
  "pk": 16,
  "fields": {
    "app_label": "account",
    "model": "emailaddress"
  }
},
{
  "model": "contenttypes.contenttype",
  "pk": 17,
  "fields": {
    "app_label": "account",
    "model": "emailconfirmation"
  }
},
{
  "model": "contenttypes.contenttype",
  "pk": 18,
  "fields": {
    "app_label": "socialaccount",
    "model": "socialaccount"
  }
},
{
  "model": "contenttypes.contenttype",
  "pk": 19,
  "fields": {
    "app_label": "socialaccount",
    "model": "socialapp"
  }
},
{
  "model": "contenttypes.contenttype",
  "pk": 20,
  "fields": {
    "app_label": "socialaccount",
    "model": "socialtoken"
  }
},
{
  "model": "contenttypes.contenttype",
  "pk": 21,
  "fields": {
    "app_label": "admin",
    "model": "logentry"
  }
},
{
  "model": "contenttypes.contenttype",
  "pk": 22,
  "fields": {
    "app_label": "auth",
    "model": "permission"
  }
},
{
  "model": "contenttypes.contenttype",
  "pk": 23,
  "fields": {
    "app_label": "auth",
    "model": "group"
  }
},
{
  "model": "contenttypes.contenttype",
  "pk": 24,
  "fields": {
    "app_label": "contenttypes",
    "model": "contenttype"
  }
},
{
  "model": "contenttypes.contenttype",
  "pk": 25,
  "fields": {
    "app_label": "sessions",
    "model": "session"
  }
},
{
  "model": "sessions.session",
  "pk": "2r221x6sin02ww3em3drc1ktuai0vezv",
  "fields": {
    "session_data": ".eJxVjDsOwjAQBe_iGlm28ToOJX3OYD17NySAHCmfCnF3iJQC2jcz76UStnVI2yJzGlldlFOn3y2jPKTugO-ot0mXqa7zmPWu6IMuuptYntfD_TsYsAzfGiVYMhGExtgGps8OgKAw-SgSzq11bHK0Ily8hJ4CiNrWZg6Nd0a9P_0GOE4:1uJxzI:IBT2FTBmzkHTbSCYmuyfTR2ewb_mkj6b467jDIYJeDc",
    "expire_date": "2025-06-10T17:21:16.451Z"
  }
},
{
  "model": "sessions.session",
  "pk": "3b43rqfbkapryebkeqcdedzv12a8alyb",
  "fields": {
    "session_data": ".eJxVjEEOwiAQRe_C2hBKhwIu3fcMzQwzStVAUtqV8e7apAvd_vfef6kJtzVPW5NlmlmdVadOvxthekjZAd-x3KpOtazLTHpX9EGbHivL83K4fwcZW_7WKXr2A4MHEOOQByJOVyHLpmfjog9iU4-WwUBHMViWyBJEnBWgGNX7A_7IOKI:1uJypp:Q2d-DL9Nl-YSYAVY9DDcCatEgmZ2ZpFPsEanRSPa3B0",
    "expire_date": "2025-06-10T18:15:33.160Z"
  }
},
{
  "model": "sessions.session",
  "pk": "9grum6e2g0gdys22uk4geowpd6v0eldu",
  "fields": {
    "session_data": ".eJxVjEEOwiAQRe_C2hBKhwIu3fcMzQwzStVAUtqV8e7apAvd_vfef6kJtzVPW5NlmlmdVadOvxthekjZAd-x3KpOtazLTHpX9EGbHivL83K4fwcZW_7WKXr2A4MHEOOQByJOVyHLpmfjog9iU4-WwUBHMViWyBJEnBWgGNX7A_7IOKI:1uJyuN:ifWOYLSwben-jCvIsyLjHxK-wVFXrx1LHnVVZOzVjU8",
    "expire_date": "2025-06-10T18:20:15.678Z"
  }
},
{
  "model": "sessions.session",
  "pk": "df4tq66njrxg3f4v5l08eeuiq8f4s4df",
  "fields": {
    "session_data": ".eJxVjEEOwiAQRe_C2hBKhwIu3fcMzQwzStVAUtqV8e7apAvd_vfef6kJtzVPW5NlmlmdVadOvxthekjZAd-x3KpOtazLTHpX9EGbHivL83K4fwcZW_7WKXr2A4MHEOOQByJOVyHLpmfjog9iU4-WwUBHMViWyBJEnBWgGNX7A_7IOKI:1uJvYd:LwHBObUfvYqMWsETwx_LE5bZSsf7DFhSuM5eX0uYtgI",
    "expire_date": "2025-06-10T14:45:35.715Z"
  }
},
{
  "model": "sessions.session",
  "pk": "hdeorso48ybgq0uysza5fq83uerpuboy",
  "fields": {
    "session_data": ".eJxVjEEOwiAQRe_C2hBKhwIu3fcMzQwzStVAUtqV8e7apAvd_vfef6kJtzVPW5NlmlmdVadOvxthekjZAd-x3KpOtazLTHpX9EGbHivL83K4fwcZW_7WKXr2A4MHEOOQByJOVyHLpmfjog9iU4-WwUBHMViWyBJEnBWgGNX7A_7IOKI:1uJz5y:-tpRqh-hwIs01jR3TJ7oeuVh60gFvs-lluLMWCqEQQk",
    "expire_date": "2025-06-10T18:32:14.895Z"
  }
},
{
  "model": "sessions.session",
  "pk": "pl1gc3a3f5ftuyx7lmcaxqjvktnjfjjs",
  "fields": {
    "session_data": ".eJxVjEEOwiAQRe_C2hBKhwIu3fcMzQwzStVAUtqV8e7apAvd_vfef6kJtzVPW5NlmlmdVadOvxthekjZAd-x3KpOtazLTHpX9EGbHivL83K4fwcZW_7WKXr2A4MHEOOQByJOVyHLpmfjog9iU4-WwUBHMViWyBJEnBWgGNX7A_7IOKI:1uJuGv:eim0joA5-sW5NAaTem2BjkXZTiURvklrkgNcXjbN6qw",
    "expire_date": "2025-06-10T13:23:13.830Z"
  }
},
{
  "model": "sessions.session",
  "pk": "qlw5pli5pygx8mmmnp4tx4omaiqoqtq0",
  "fields": {
    "session_data": ".eJxVjEEOwiAQRe_C2hBKhwIu3fcMzQwzStVAUtqV8e7apAvd_vfef6kJtzVPW5NlmlmdVadOvxthekjZAd-x3KpOtazLTHpX9EGbHivL83K4fwcZW_7WKXr2A4MHEOOQByJOVyHLpmfjog9iU4-WwUBHMViWyBJEnBWgGNX7A_7IOKI:1uJysc:hReD4LdQ6ZgoL0wcrYrOUsMKA6LUp4vLAmoZuc0koDI",
    "expire_date": "2025-06-10T18:18:26.486Z"
  }
},
{
  "model": "sessions.session",
  "pk": "rncw2obg81zaf0lybf5s2uaqyzcxzrca",
  "fields": {
    "session_data": ".eJxVjEEOwiAQRe_C2hBKhwIu3fcMzQwzStVAUtqV8e7apAvd_vfef6kJtzVPW5NlmlmdVadOvxthekjZAd-x3KpOtazLTHpX9EGbHivL83K4fwcZW_7WKXr2A4MHEOOQByJOVyHLpmfjog9iU4-WwUBHMViWyBJEnBWgGNX7A_7IOKI:1uJyms:RbkvOrRCA5Ga0sGAnbaOpfftI51yScMJYThTRC3w7y4",
    "expire_date": "2025-06-10T18:12:30.594Z"
  }
}
]
